,TCGA-N8-A4PO-01A-11R-A28V-07,TCGA-NF-A4X2-01A-11R-A28V-07,TCGA-N5-A4RV-01A-21R-A28V-07,TCGA-N5-A4RA-01A-11R-A28V-07,TCGA-QM-A5NM-01A-11R-A28V-07,TCGA-N9-A4PZ-01A-22R-A28V-07,TCGA-NA-A4R0-01A-11R-A28V-07,TCGA-ND-A4WA-01A-12R-A28V-07,TCGA-NA-A4QW-01A-11R-A28V-07,TCGA-N6-A4VC-01A-11R-A28V-07,TCGA-N9-A4Q4-01A-11R-A28V-07,TCGA-NA-A4QX-01A-11R-A28V-07,TCGA-NG-A4VW-01A-11R-A28V-07,TCGA-N5-A4R8-01A-11R-A28V-07,TCGA-ND-A4WC-01A-21R-A28V-07,TCGA-N8-A4PL-01A-11R-A28V-07,TCGA-N7-A4Y8-01A-11R-A28V-07,TCGA-N6-A4VF-01A-31R-A28V-07,TCGA-N5-A4RJ-01A-11R-A28V-07,TCGA-N9-A4Q8-01A-31R-A28V-07,TCGA-N5-A4RU-01A-31R-A28V-07,TCGA-N5-A59F-01A-11R-A28V-07,TCGA-N6-A4VE-01A-11R-A28V-07,TCGA-ND-A4W6-01A-11R-A28V-07,TCGA-NA-A4QV-01A-11R-A28V-07,TCGA-N9-A4Q3-01A-11R-A28V-07,TCGA-N5-A4RD-01A-11R-A28V-07,TCGA-NF-A4WX-01A-11R-A28V-07,TCGA-NF-A5CP-01A-12R-A28V-07,TCGA-N5-A59E-01A-11R-A28V-07,TCGA-N5-A4RT-01A-11R-A28V-07,TCGA-N8-A4PN-01A-11R-A28V-07,TCGA-N7-A4Y0-01A-12R-A28V-07,TCGA-NA-A4QY-01A-11R-A28V-07,TCGA-N8-A4PI-01A-21R-A28V-07,TCGA-QN-A5NN-01A-11R-A28V-07,TCGA-ND-A4WF-01A-11R-A28V-07,TCGA-N5-A4RM-01A-11R-A28V-07,TCGA-N5-A4RN-01A-12R-A28V-07,TCGA-N7-A59B-01A-11R-A28V-07,TCGA-N7-A4Y5-01A-12R-A28V-07,TCGA-NG-A4VU-01A-11R-A28V-07,TCGA-N8-A56S-01A-11R-A28V-07,TCGA-N9-A4Q7-01A-11R-A28V-07,TCGA-NA-A5I1-01A-21R-A28V-07,TCGA-N6-A4VD-01A-11R-A28V-07,TCGA-N5-A4RS-01A-11R-A28V-07,TCGA-N6-A4V9-01A-11R-A28V-07,TCGA-N5-A4RO-01A-11R-A28V-07,TCGA-NA-A4R1-01A-11R-A28V-07,TCGA-N9-A4Q1-01A-11R-A28V-07,TCGA-N5-A4RF-01A-11R-A28V-07,TCGA-N8-A4PP-01A-11R-A28V-07,TCGA-N8-A4PM-01A-11R-A28V-07,TCGA-NF-A4WU-01A-11R-A28V-07,TCGA-N8-A4PQ-01A-11R-A28V-07,TCGA-N6-A4VG-01A-31R-A28V-07
ENSG00000000003.15,6184,3193,3028,1662,2400,3808,4231,4396,2545,5583,1958,3374,3996,2600,6156,4136,4618,6428,5830,6163,11313,4193,7647,2566,4696,3679,3754,3836,3611,4702,4745,3106,2763,5052,5826,2969,4503,2921,6186,5683,1398,1035,7185,1388,5982,6756,4257,8801,2273,1556,3765,4511,2560,6895,6035,3914,3962
ENSG00000000005.6,42,142,11132,5,201,38,428,22,1189,8,60,309,249,548,1,1547,1175,946,509,3,107233,12,293,188,376,126,125,112,22,2507,870,55,0,78,35,1021,25225,2500,6051,2,22,11,495,2,650,101,304,39,81,5,46,402,459,404,23,28195,14
ENSG00000000419.13,4023,2009,2296,2273,1454,2728,2099,4667,2237,2542,4057,5450,1649,6690,2076,2218,2844,1922,4327,4671,2270,4239,2802,1744,2623,2580,4087,2366,2587,2124,4593,3387,2279,3010,3859,1382,1898,2079,2847,1039,2752,2647,3103,2918,2208,2560,1220,2158,2727,2152,1855,1433,3012,1392,1886,3410,2713
ENSG00000000457.14,988,763,282,442,318,1277,633,668,581,946,508,517,1343,772,328,719,220,769,551,684,722,521,582,199,829,574,544,858,616,550,743,904,244,455,584,1138,445,393,979,492,247,553,593,345,620,874,460,737,622,764,419,201,642,324,775,614,804
ENSG00000000460.17,1076,1038,368,513,290,1251,558,591,616,730,708,666,666,610,393,988,505,566,497,364,746,489,553,281,707,726,984,996,520,413,1284,1240,213,950,548,1051,383,174,1096,222,201,672,629,430,381,501,121,497,1104,1498,365,292,707,280,402,565,1096
ENSG00000000938.13,236,245,227,95,27,113,842,187,140,94,95,151,41,249,132,120,62,638,185,918,110,294,166,545,206,196,131,133,330,125,105,174,32,170,328,136,139,116,187,133,57,214,113,707,374,452,104,108,94,3448,59,129,1070,67,180,245,269
ENSG00000000971.16,2330,4658,1902,516,907,11118,5609,4149,2521,510,553,816,3186,4046,11129,945,1342,24700,637,505,494,2091,2954,1483,1968,2057,1395,939,1425,6346,4516,1020,1204,1241,6699,518,574,890,343,444,2223,470,2466,2395,2714,1374,346,10936,4963,4180,1650,2121,4563,1377,969,1413,1160
ENSG00000001036.14,3433,4362,1614,1969,2852,5553,2124,3587,1260,2231,2915,2471,1217,4161,5657,1656,1547,3859,6228,1754,2883,2609,1903,1976,2434,2887,3577,1748,3550,4920,7498,1429,3175,1525,3397,2550,2164,1419,2610,4955,2537,1884,2186,2629,1871,3032,1581,1964,1407,783,3932,4616,2499,2430,2655,2381,1320
ENSG00000001084.13,1804,1894,530,583,399,1166,1431,1697,1617,1519,1190,1732,1413,1517,1231,1644,413,1476,1292,1847,1649,1111,2450,682,1452,1297,1533,1342,1311,1085,2679,1292,1108,1046,1587,1601,885,670,2558,2994,748,972,1877,1359,1203,2941,703,1638,1652,1644,1142,706,1269,917,1121,807,1831
ENSG00000001167.14,4938,4151,2021,2907,1238,2616,2342,4864,3695,4231,2591,3544,2416,3768,1794,4406,2237,2908,2284,3681,4726,2986,3693,1012,2085,4057,2209,2752,2772,3804,4253,4190,2605,2544,1356,3898,2025,2086,4255,1649,1927,2574,3574,790,2118,2414,4226,3330,4488,5200,3719,1797,2956,1343,3209,2075,3825
ENSG00000001460.18,576,621,388,316,557,536,965,1036,326,632,184,297,1188,620,545,791,688,1245,867,627,359,483,567,261,642,518,403,2070,412,385,886,800,276,739,486,233,209,458,427,701,119,277,537,273,349,895,1025,612,648,1503,439,102,694,752,693,514,749
ENSG00000001461.17,1432,980,378,384,1448,986,1518,2468,845,1087,247,334,2278,828,1255,1215,548,740,1129,1401,1668,706,1250,884,1742,1109,746,837,1279,733,1598,1116,267,873,1936,717,642,756,630,1556,528,500,1810,644,818,1554,1187,1054,873,1553,276,208,2421,1041,2292,1252,1642
ENSG00000001497.18,2338,7406,2219,1966,2335,4355,2277,3204,2256,2069,3597,1854,2390,3528,2826,2288,6699,2842,4932,4103,3663,3117,3744,1827,2343,4910,3235,2515,2462,3978,4532,4777,3008,3960,3352,2901,1542,2967,3871,3294,1699,2723,3873,5163,3025,4042,2287,2765,4099,4276,1775,1754,5369,3954,2520,3998,2446
ENSG00000001561.7,1010,223,147,909,358,466,893,2169,1606,1090,535,1114,827,666,1492,489,156,1485,427,1966,425,791,1723,175,805,729,1056,759,1754,485,1529,1494,150,662,1067,323,309,263,554,527,3014,1001,1418,325,482,1220,745,1028,411,1410,1333,291,1999,194,1306,564,904
ENSG00000001617.12,6593,2410,5997,1973,4715,5081,1895,19450,1722,10415,1804,2185,5387,7667,2250,4263,5101,3294,4252,14103,5814,7262,9860,3116,2897,8046,3397,6175,3134,10964,4936,4099,2103,3643,3817,3469,12773,2492,9704,3296,1390,2692,3736,787,6046,4799,16547,9739,3530,2237,2281,4762,4611,6060,2313,11294,4855
ENSG00000001626.16,10,0,18,5,31,14,21,12,11,31,19,203,72,5,1401,8,0,39,1923,161,95,43,42,249,992,65,6,59,51,6,79,5,6,3272,119,3,7,9,122,291,0,8,1167,42,106,160,0,44,69,16,3,5,167,289,16,55,778
ENSG00000001629.10,4014,3024,649,1758,1806,5624,2928,3001,2143,2233,2316,2417,2381,2512,2810,1423,481,4751,1747,2596,2462,1704,1934,667,2819,1446,2605,2268,4167,1385,6096,2294,1935,1608,4283,1874,2447,1175,1740,1314,1478,1280,2356,1464,2285,3759,1640,5288,3211,5179,2275,1189,2988,1006,1841,2082,3101
ENSG00000001630.17,50,49,6,34,4,31,25,137,71,54,22,87,80,10,32,28,5,60,11,2,39,5,30,3,59,10,19,34,35,4,51,42,3,33,30,13,54,2,12,4,6,36,58,16,29,57,0,85,32,196,13,7,59,3,23,48,39
ENSG00000001631.16,597,382,151,393,550,641,275,591,261,210,465,258,190,478,254,216,324,421,349,207,237,344,301,144,528,236,517,406,308,385,336,308,346,275,333,178,323,283,466,201,268,186,377,312,326,328,429,315,377,486,488,129,362,181,277,264,270
ENSG00000002016.18,1919,529,1868,446,462,427,547,875,662,624,495,731,309,1183,395,1324,609,373,502,288,197,510,1121,106,415,1216,826,1913,498,1612,416,710,598,257,531,216,174,233,725,180,927,572,730,448,648,503,905,591,767,1252,635,186,408,571,1605,620,1209
ENSG00000002079.14,13,2,7,4,3,19,166,34,14,4,15,10,3,20,25,21,18,3,1,2,3,20,19,2,22,1,14,24,7,6,15,40,9,1,36,2,4,12,14,5,1,5,12,10,12,10,16,33,17,24,6,2,19,6,14,13,14
ENSG00000002330.14,669,876,944,478,1134,663,513,1013,406,325,1429,403,529,1252,303,511,1579,612,1026,747,682,793,620,711,251,1092,492,935,419,900,766,656,774,710,676,921,741,595,400,1385,276,292,860,1008,1264,631,1135,481,530,678,390,580,800,783,533,861,290
ENSG00000002549.12,3026,4826,2992,1777,943,4054,5087,3880,2193,2840,2951,5819,5274,5451,6475,3636,1581,8186,2590,2045,3202,1833,5448,5536,3865,1767,3847,2932,6263,1231,13776,3315,2420,6140,3485,4340,3034,1541,2159,7853,1045,2705,4855,12144,3553,8549,879,4930,4166,1043,3462,4899,9568,3283,3520,9831,3188
ENSG00000002586.20,7621,34366,47227,6986,11850,13498,16199,7330,12318,3755,9798,11444,4465,10018,2932,5003,13079,20068,17505,11019,19007,6532,15702,3902,15268,15102,9131,4881,17507,18782,18222,9922,10393,18853,4175,25516,13278,16529,4748,16406,5694,5715,8962,10408,20732,6754,4764,20189,9261,22813,11604,17587,2129,7830,7470,8968,3184
ENSG00000002586.20_PAR_Y,0,0,0,0,0,0,0,0,0,0,0,0,0,0,0,0,0,0,0,0,0,0,0,0,0,0,0,0,0,0,0,0,0,0,0,0,0,0,0,0,0,0,0,0,0,0,0,0,0,0,0,0,0,0,0,0,0
ENSG00000002587.10,7856,136,65,63,392,288,307,513,228,303,150,142,1249,87,2158,139,19,3678,162,726,260,345,688,682,1372,327,538,415,1258,137,442,119,77,409,3953,271,197,115,691,475,498,115,254,173,711,2137,343,210,266,27,94,350,335,191,848,588,450
ENSG00000002726.21,12,8,78,28,30,13,221,1014,20,2957,236,25,506,19,4,52,37,258,8965,48,18,26535,4821,379,546,254,310,256,6225,1310,82,18,3,190,81,906,17,12,149,54,0,32,4624,215,257,543,2845,246,25,20,97,244,1289,1007,526,260,2440
ENSG00000002745.13,3,2362,7,79,13,39,79,9,322,13,130,15,48,5,7,6,28,7,325,10,13,395,11,25,169,2,64,1490,2,447,1773,12,0,31,4,25,279,36,859,15,206,8,2425,204,34,35,23,24,64,5,11,3,46,75,7,266,86
ENSG00000002746.15,55,91,0,7,3,110,77,29,46,44,10,212,128,35,17,135,11,16,68,21,5,117,125,23,106,74,107,37,263,55,203,11,49,174,105,133,10,16,19,20,16,12,116,113,71,345,20,101,23,18,22,23,47,10,10,73,119
ENSG00000002822.15,12,48,54,81,13,21,25,11,18,13,11,26,6,21,10,27,36,38,14,6,11,22,13,12,38,7,12,7,20,27,11,24,21,17,29,12,19,18,47,25,9,60,22,29,10,14,24,40,12,12,14,34,33,20,23,24,34
ENSG00000002834.18,13166,13503,5745,4231,1926,8297,9542,21884,7133,9375,6651,8401,8176,6244,15525,21560,2575,14661,15531,11335,11113,7764,11481,7709,16133,9413,6134,12920,10974,6787,9243,13094,3342,13168,12372,8430,5241,3355,11374,4329,10815,4255,9326,6407,14680,9745,13797,7762,11502,13625,5533,9772,19971,16656,9736,11001,9473
ENSG00000002919.15,1371,1245,850,1979,482,957,1044,2783,1197,1887,967,881,976,1322,1505,1690,576,1470,1526,609,1149,715,870,935,2049,843,842,678,1359,763,1429,1295,628,906,1393,1173,711,968,863,1395,846,538,6186,1078,1082,1485,1975,1546,956,771,502,966,1466,1104,1201,2127,858
ENSG00000002933.9,761,671,552,7773,392,3948,4074,1664,2113,995,1037,5502,1142,657,446,2462,2627,3645,7613,387,433,7233,2915,2750,983,1127,5319,1027,7891,3659,2335,1399,90,3015,1809,1100,2709,1329,3004,1204,127,2371,2453,6528,1541,2543,682,8597,889,56,2380,867,3482,968,903,2837,964
ENSG00000003056.8,2032,2555,280,1403,203,2122,3057,2791,1978,3730,2162,2122,1778,4610,4088,2084,1004,2226,1094,1549,2121,1161,2418,925,1758,2732,3945,2474,2073,1133,5553,1728,1485,1003,2543,1183,1627,1245,1048,817,1752,1243,3394,1901,1615,2893,716,3940,3134,1777,1679,1233,2662,1053,2452,1664,3227
ENSG00000003096.14,1235,1954,112,967,357,758,201,699,2874,1033,1833,1925,108,1952,881,1066,629,2174,1826,1393,727,791,1652,1439,501,397,1859,1045,401,397,3556,2524,805,1682,1015,346,1192,121,324,166,2426,2025,2300,682,1187,529,328,543,854,825,1591,1743,271,621,686,1434,4160
ENSG00000003137.8,1350,628,1726,1052,255,2731,341,1459,1303,98,339,724,689,982,198,1916,226,843,489,147,2536,920,1258,253,5624,677,474,1426,602,1601,867,910,39,262,571,746,2406,1422,4206,191,750,931,1549,30,1659,373,398,725,1956,1048,474,601,1084,1879,177,7368,1251
ENSG00000003147.19,420,427,491,109,801,1375,1975,409,73,1302,279,101,368,524,1430,658,403,458,686,998,1342,1085,377,566,732,1013,567,242,1024,1026,1058,155,64,543,1033,204,801,658,236,3086,35,75,1017,914,726,1618,1656,1117,365,35,203,174,554,1062,1408,621,1197
ENSG00000003249.15,1132,841,67,941,4334,2327,1007,948,1160,5000,1758,1949,6183,1591,1096,2971,2023,1768,2667,5449,832,1511,571,909,941,3340,1819,2,1268,1768,3746,873,1627,1023,3905,1274,1164,509,922,2719,1144,1307,1812,1095,2123,3591,1955,625,1996,1783,2979,754,1579,6608,6560,884,2989
ENSG00000003393.15,2198,1127,1031,1611,886,1143,1518,2510,2607,3878,1490,1965,1332,1315,1684,3164,1401,1679,1648,2042,1585,1571,1412,574,1745,1810,2006,1616,2141,1186,1671,2069,820,2522,1401,940,1084,615,1474,1066,1389,1796,2750,966,1386,2251,2588,1821,2710,2382,1583,753,1576,1083,2776,1410,2403
ENSG00000003400.15,401,363,117,74,642,634,1607,119,165,150,98,224,77,73,1301,58,74,899,583,82,256,465,396,364,432,700,809,145,624,201,135,156,57,177,596,271,108,83,708,360,66,179,1324,948,197,673,1094,96,77,72,332,363,525,606,531,430,185
ENSG00000003402.20,3469,1034,1083,1765,1398,3164,5503,1486,1267,2755,999,1672,2604,1157,2014,2228,876,3314,2471,2144,2238,1638,1706,1583,2601,2470,1434,1082,4768,1744,1439,2759,972,1955,2552,1549,576,938,1824,4512,1987,1637,2443,3032,2191,5214,4823,3034,1373,1575,1562,929,3087,1486,4963,2262,2790
ENSG00000003436.16,711,90,1549,493,108,363,1189,277,511,700,113,836,52,723,1360,803,376,4735,3522,271,480,482,322,1443,776,584,1449,406,1046,961,365,328,301,2485,882,371,762,500,400,133,1161,302,1959,1280,813,187,914,4827,268,6056,1892,657,1148,642,1101,631,512
ENSG00000003509.16,1173,683,613,854,403,1078,857,1328,1236,1318,1557,820,487,1555,888,1057,1774,536,1150,1009,916,1437,561,777,684,2048,1224,921,825,1418,2351,901,830,1143,1282,670,753,734,954,1291,772,1172,1090,969,813,862,1314,1204,1475,1087,748,377,1090,800,1758,1151,976
ENSG00000003756.17,4670,2745,3671,3505,1239,4098,3624,5668,4847,2613,1034,2567,3425,3059,3169,3275,2774,3013,3510,3157,2623,3231,4013,1861,3496,2925,2568,5315,3651,4509,1428,6842,2564,2034,5527,3273,3692,1377,5489,1932,2548,2599,3649,1394,5878,5213,1356,3253,2725,4837,1350,1913,3195,2824,4353,4078,3344
ENSG00000003987.14,75,72,91,192,67,208,37,138,64,26,58,29,169,106,42,91,41,135,11,20,26,111,76,26,24,22,139,128,31,97,74,28,148,57,95,17,27,90,88,37,30,23,214,54,69,262,99,313,32,436,18,33,23,58,228,38,73
ENSG00000003989.18,261,267,601,2106,21,382,491,161,3128,2000,1892,899,111,2239,4670,625,265,2604,323,751,563,1013,444,469,403,952,1797,1701,86,1193,1669,178,965,679,885,68,2346,165,672,7,678,36,3472,715,1024,2979,1359,873,721,317,435,1782,1517,1313,4260,2878,1202
ENSG00000004059.11,6123,6750,6514,6665,14321,8210,5178,6454,3866,3315,5340,4024,5261,3040,5411,6670,7362,9373,8144,6556,4538,5359,6375,2267,5148,6557,6737,6806,4450,5580,4327,3234,3618,4518,5716,6145,7405,6724,10425,8784,2249,2514,4340,5662,3232,7628,7964,6955,5074,7965,4151,4419,5561,5401,3662,3255,4687
ENSG00000004139.14,164,217,119,128,48,264,284,1250,251,81,157,416,470,173,95,173,201,246,325,109,178,147,229,48,537,104,254,619,249,118,205,692,194,317,415,95,113,181,83,59,79,90,220,188,444,459,129,246,899,787,104,48,204,64,178,306,103
ENSG00000004142.12,4492,8641,4314,5126,3383,7922,4158,17682,8725,4755,9396,13164,5070,16888,7144,9162,9723,6771,9010,5418,5450,6605,6612,4408,5501,5378,4975,12870,5305,5119,6551,8823,7841,6137,9807,5234,4356,7521,4469,9118,7399,5511,4453,10240,5084,7794,6693,5476,12281,6591,4721,4569,9741,9898,4784,7458,7204
ENSG00000004399.13,13852,10192,7827,14064,5183,8866,7644,13991,3018,11736,4880,11794,4948,4390,7493,3545,10350,16433,10203,3184,5871,6060,9965,6821,20209,7257,7280,4865,18020,6679,4311,11858,3700,5098,13563,11457,6366,5071,8895,4034,11827,10670,6336,3093,12435,8028,6176,5498,7798,6254,5091,8889,14544,9968,3407,7281,5958
ENSG00000004455.17,6730,7161,7614,6939,5159,4151,7254,6814,4753,8978,5128,6235,5302,8435,8602,8742,11221,4887,6808,9804,6899,6109,5031,5130,4242,8598,6776,4217,6402,4311,7997,4364,9157,5720,10180,3825,6068,4902,4401,10718,5829,4167,6013,10864,5957,9096,4268,4182,7414,9854,2770,4998,11713,6601,4534,4634,6096
ENSG00000004468.13,76,31,33,34,15,210,313,38,117,50,83,114,271,76,154,75,29,803,62,57,65,194,81,344,283,80,69,23,347,62,1528,98,24,80,65,193,47,134,15,282,74,29,52,2042,142,302,5,57,64,13,509,499,452,23,30,450,282
ENSG00000004478.8,26056,11632,11451,16219,13026,8032,6273,7768,5437,25756,10496,14467,10437,19198,8810,27809,23672,5891,8126,8192,5214,8456,12680,7827,4432,11331,15624,11855,7017,12363,22300,3242,14000,3828,9562,8842,4931,8728,4030,5636,9170,6014,9405,12796,8209,9639,8261,14620,18199,8451,9985,5898,12232,12253,9062,8362,14020
ENSG00000004487.17,10770,14418,9983,11652,6553,6410,7991,9146,10691,9795,6839,15940,7822,13855,8405,12766,26490,9577,11624,9101,10930,8448,8881,6778,6394,9314,7375,9716,6803,6009,11857,11863,12286,15686,14642,7103,11623,9423,9693,11092,8410,5846,12298,10591,5475,5837,5981,8115,16823,12481,6004,6139,10343,16761,8044,9555,11253
ENSG00000004534.15,4511,4291,6012,2846,1720,13612,5109,4486,4313,2985,2909,2618,3231,6303,3648,3127,4053,3954,4630,4974,3858,6922,6440,2520,3318,4141,3896,5631,3474,7060,3037,8487,3849,1879,5305,3742,3755,3268,9699,3737,1835,2157,3651,2296,6885,5535,5207,3140,3064,5014,2395,2156,3607,5444,3646,4832,3446
ENSG00000004660.15,440,514,704,1269,568,891,976,670,787,462,750,874,156,1072,226,814,780,274,652,837,680,799,607,622,887,195,678,708,770,991,889,814,4179,479,1253,278,773,268,238,340,322,861,1382,3129,2442,1153,1295,631,940,549,303,220,1008,658,829,1069,695
ENSG00000004700.16,822,921,115,357,57,484,937,933,776,1273,461,1262,668,888,862,1108,110,1076,290,328,997,322,973,228,782,548,975,1158,1131,254,2645,1207,242,796,941,516,4186,140,746,159,887,827,1411,421,701,879,155,1170,1687,1159,608,212,2055,178,1030,1144,1122
ENSG00000004766.17,1712,1028,437,971,658,1382,948,1609,1362,682,756,847,878,950,989,958,356,1459,858,812,933,530,732,370,1443,386,1134,1304,1112,557,1080,998,478,619,1084,522,1001,476,912,478,551,937,1161,724,863,1463,624,1331,1183,1693,1047,454,1340,288,676,823,1236
ENSG00000004776.13,1179,187,109,2751,166,542,411,2074,1405,24,3007,5713,120,5432,88,549,777,610,1495,173,429,897,105,1333,244,557,404,709,46,3958,47,399,17,1175,2253,202,477,721,607,83,6903,3789,2507,60,2678,293,1237,19,204,20,2131,35,3031,829,125,1601,53
ENSG00000004777.18,2174,1684,2029,611,990,2124,2681,1713,486,351,535,3513,580,1242,607,2048,353,881,601,1023,306,1449,1041,260,561,4779,835,699,728,1291,1164,1335,745,702,544,1152,720,693,1331,984,780,317,2009,116,2620,1012,8006,528,1279,6309,1097,172,883,710,1401,808,1467
ENSG00000004779.10,3828,2764,5206,3543,4810,3328,2427,2793,5522,2336,3530,4770,2715,5513,2560,2950,5800,1904,4630,2875,2271,2741,2965,3918,2518,1971,4908,2722,2343,2612,2960,2636,5655,2585,4061,3756,5483,4357,1734,2902,2885,4286,3747,4581,1671,3573,1674,3673,2621,2901,5122,2098,3080,3314,2685,3023,2973
ENSG00000004799.8,1228,114,449,285,406,759,10489,2609,299,434,470,961,764,647,337,1281,435,1630,3381,802,1020,476,2614,6050,3923,1354,1416,1809,504,298,1442,813,35,4396,1641,422,1729,650,1282,116,3062,11125,1398,83,618,706,256,703,1331,56,984,705,6581,228,500,1241,444
ENSG00000004809.14,357,59,86,44,680,1419,224,109,55,7,118,32,275,112,4,4,101,273,120,1,470,57,31,64,253,7,6,44,67,47,103,120,8,17,117,63,26,56,1135,2387,8,10,111,75,142,120,1,19,57,6,41,16,669,675,8,60,36
ENSG00000004838.14,258,89,198,59,200,111,41,423,19,427,0,176,3397,23,490,156,171,4171,277,864,76,118,507,112,243,42,161,450,102,121,111,148,53,14,97,57,230,88,96,47,5,15,147,17,156,4108,123,38,128,705,39,37,93,486,69,687,174
ENSG00000004846.16,28,36,15,12,12,25,34,2,28,5,49,116,2,13,11,2,2,17,7,0,5,27,10,2,0,1,14,18,6,3,6,42,1,19,53,0,9,7,0,3,66,5,16,10,16,4,0,78,2,0,16,21,35,17,3,34,1
ENSG00000004848.8,2,3,0,351,60,8,61,1,512,63,239,585,2406,177,1,23,0,458,31,26,3,1762,83,28,86,2,121,1420,8,36,16,56,58,4652,3069,26,143,48,0,0,584,459,74,10,56,671,1,1,26,104,305,3,26,0,2,62,1
ENSG00000004864.14,3333,3332,1514,2433,1392,2173,1748,3113,1280,2417,1953,3145,2345,1541,1309,2851,1882,2304,2449,1982,2684,1801,1517,916,2287,1071,1931,3337,2696,811,3092,1424,1838,2571,2616,1211,2768,1152,1180,1331,904,3166,3681,2157,1427,4264,1275,2456,2841,3002,1660,1413,3855,2237,1331,2320,3882
ENSG00000004866.22,1205,1045,1135,2328,1324,1560,1006,1061,1182,940,3338,2886,1039,1316,1135,851,896,1566,1212,1362,1046,849,1318,736,1022,1858,1362,1021,1342,1389,1027,1131,1150,670,767,1017,1247,605,955,1886,920,1101,1564,1304,1067,1951,881,987,1210,843,4073,682,1030,1104,536,1019,839
ENSG00000004897.12,3137,4668,2894,2331,1023,2581,2165,7584,4649,4201,2245,2521,2392,6642,3724,4024,1455,3942,4288,3386,4735,2552,3341,2463,3656,2893,1640,2563,3937,3216,3446,5131,3876,4251,3148,3665,3308,1820,3124,1168,3752,2983,7283,2057,4158,3222,2513,2304,2818,4509,2544,3314,4424,1276,4462,4367,2012
ENSG00000004939.15,1,0,7,2,3,3,10,3,14,1,3,11,1,10,0,0,14,5,12,1,2,8,7,5,15,1,23,4,3,12,8,59,4,3,6,0,0,0,6,2,47,26,17,3,6,3,6,2,12,4,41,1,11,6,19,3,8
ENSG00000004948.16,7,2,0,25,7,7,8,34,45,1,28,60,7,8,5,15,1,41,9,0,2,9,4,5,58,11,18,25,28,12,3,13,1,7,16,4,5,0,7,12,649,53,6,0,10,13,1,10,7,8,8,6,13,1,9,15,11
ENSG00000004961.15,783,2648,489,1018,728,592,1055,719,1873,986,1882,1307,909,1397,1498,515,2224,1177,1270,1047,850,1801,1039,372,1263,811,2267,505,1395,1001,4544,1301,943,1042,893,1745,792,843,560,611,1277,2176,1225,1356,975,1475,295,1093,1747,1006,1374,2498,1311,1112,645,667,795
ENSG00000004975.12,5260,2630,3153,2174,974,2361,1331,4827,3049,2173,1405,1558,3396,4945,2456,6683,3362,3849,2168,2945,1982,2344,1992,1598,6491,1081,2450,4119,2245,2122,3208,3447,3295,1520,4615,2493,2633,1467,3148,1709,1714,1758,4493,3756,1362,3090,2239,2498,4573,5394,2224,1941,3758,1138,1182,3596,2460
ENSG00000005001.10,95,9,42,73,368,495,513,68,9,2244,241,54,70,6,2516,519,0,94,655,1840,355,438,1136,618,332,741,28,197,626,663,338,39,5,3,262,424,7,26,44,828,0,1,642,5,258,1518,1019,1322,21,12,29,585,213,547,2419,315,879
ENSG00000005007.13,14531,9334,3973,5326,6083,8294,14720,10138,11682,9249,9109,11079,8169,8751,7090,5767,11314,7831,7341,8316,10149,7423,17260,5704,9858,6455,4176,6877,8048,8321,5851,12042,4010,9657,7500,7959,7850,4075,14168,10319,7948,8811,6009,5607,5180,8435,5095,5804,23160,5720,5612,5122,11602,9289,4699,12449,5036
ENSG00000005020.13,379,384,98,690,79,108,1802,2424,1122,805,1679,1707,77,1197,3091,1204,413,1133,1574,1217,838,1109,1535,978,1567,668,1050,685,498,589,1949,1224,119,2581,1719,421,1217,69,443,574,837,3535,2904,859,807,1009,477,2182,1913,2913,1238,282,4834,153,640,1446,1475
ENSG00000005022.6,7218,31460,6888,5663,9299,7434,6947,5835,8792,9504,5143,12137,14602,7077,18632,7115,14588,11525,11565,13745,13092,7488,14214,8730,3830,4771,18412,5292,11965,2528,28882,7716,19600,12766,15876,12727,20566,7020,13861,16530,5546,10145,11766,12585,5999,15453,2842,8996,10306,12511,4932,12698,12729,17476,8801,10558,11459
ENSG00000005059.16,875,961,288,192,558,1078,1177,182,159,144,472,494,667,558,1158,246,189,1232,325,2087,344,455,754,447,703,264,621,150,1285,421,553,477,751,211,720,871,417,624,733,1903,172,134,208,541,295,886,253,2152,176,2437,544,640,496,88,108,406,256
ENSG00000005073.6,938,1270,268,259,695,1087,2243,210,280,2849,572,1242,1158,92,512,613,3350,695,2211,106,1101,1929,22,417,654,3592,705,543,375,1483,850,258,44,1307,435,866,1056,408,3050,2972,472,199,2146,477,35,2646,4401,383,1682,68,330,1175,273,128,299,293,2186
ENSG00000005075.15,2636,4085,3948,4901,7988,4890,1555,3883,1970,1513,4596,2214,1230,4247,1707,2396,8103,3863,3502,2860,1385,3006,2274,2587,2943,2449,5290,2171,1465,3897,3409,1641,2827,1633,3028,2100,2697,5177,2571,5465,2542,2405,1923,3521,2694,2503,2636,2674,2397,2236,3729,2031,3493,2628,1627,1758,1649
ENSG00000005100.13,2341,1481,1152,1198,642,1715,1220,1952,1729,1505,1562,1274,2458,3953,1444,2519,1621,1584,1023,1907,2293,1567,886,1146,923,566,1331,4300,1891,1394,2022,1668,2236,1311,5011,1319,1154,922,1037,634,1363,1559,1406,2019,911,2473,1965,1459,2480,1649,1091,610,2340,1121,864,1574,2145
ENSG00000005102.14,460,35,1195,324,19,57,178,6528,951,882,447,1005,12,183,26,1458,1143,1279,1534,14,1217,239,589,455,281,1487,344,1213,138,2018,146,1273,6,1206,23,51,3167,753,325,13,172,149,774,30,1061,34,2001,1322,3749,199,280,704,496,163,138,1439,145
ENSG00000005108.16,2825,182,87,106,932,1533,1286,511,325,472,93,69,1567,416,214,187,138,681,361,354,388,1186,173,182,856,1356,837,268,1715,853,3373,293,16,363,228,513,1883,23,1728,388,78,343,1114,34,593,4466,146,868,5733,37,214,1473,1269,141,227,317,412
ENSG00000005156.12,3095,3255,1087,1332,1112,3285,1025,6582,3222,1761,2875,7514,1709,4127,1034,3523,1337,1730,2958,1305,1946,1167,2187,952,2833,2813,1277,2378,2125,1797,3988,4033,1321,3005,1438,1954,1677,792,1943,1530,1837,1208,1579,1173,1559,2336,2435,3181,2494,3576,2149,1248,2441,2091,1806,2552,1645
ENSG00000005175.10,4009,2099,1687,2115,1146,1545,1347,1737,3249,2431,1996,2314,1486,3881,1950,1818,2317,2011,1899,1136,2437,3010,2187,975,1637,1127,2596,1943,1844,2168,5149,2753,1674,1536,2071,1509,1805,1131,2190,1247,939,1373,1456,2110,2114,2213,1887,2079,2705,1553,2414,1188,3589,1825,914,1586,1412
ENSG00000005187.12,668,52,56,18,652,443,1138,1300,72,743,130,70,2101,146,317,482,326,494,2620,362,282,1388,669,205,532,865,269,1134,628,135,307,222,29,893,2136,313,8,83,135,142,33,11,1729,400,147,419,649,145,529,23,125,76,663,976,738,372,937
ENSG00000005189.20,699,530,466,226,335,382,274,548,434,151,394,315,187,447,176,173,263,214,403,85,150,227,286,144,388,131,352,414,307,173,629,671,329,213,389,290,416,443,395,121,262,315,332,310,149,399,140,102,248,1303,443,128,406,130,284,586,131
ENSG00000005194.15,1451,2752,1896,2651,2535,2722,2265,3691,2363,3338,2180,3977,3075,4077,2904,3009,2036,2000,2827,1687,2292,2432,2356,2914,3721,3033,3099,1849,2109,1973,3279,2066,3347,2109,4825,2216,2702,3012,1832,2245,2395,2165,4354,2064,1731,3939,2014,1884,2683,1823,2421,1756,3304,4101,3248,1813,4700
ENSG00000005206.17,2174,3158,2496,1613,4982,2787,3075,2553,1704,1869,1336,2123,2165,2483,2619,2704,3290,2455,2610,2365,1443,2146,2538,1641,2482,2453,2241,1676,1756,4152,1383,2457,1799,1362,3149,2571,2682,1508,2254,4694,1550,2111,2193,1851,2336,5550,3700,1616,1758,3286,1742,1676,2035,8244,3909,1954,1943
ENSG00000005238.20,974,934,538,497,1044,1200,1186,1182,657,1313,440,861,798,727,1170,1538,956,1417,611,556,1362,1390,1420,877,955,786,1398,638,1951,1024,1525,592,518,568,1621,1646,805,523,915,1143,408,521,964,380,1680,1492,1978,1115,710,580,690,1193,696,1188,2267,1121,1062
ENSG00000005243.10,494,2844,1265,2079,250,1267,1700,1613,988,186,939,650,40,1079,200,732,506,1995,2480,35,1626,411,522,1024,5292,294,364,285,1562,1891,1289,1701,853,557,434,1838,868,2364,373,139,739,371,2843,93,1038,122,509,263,142,180,846,1883,747,1107,234,4147,83
ENSG00000005249.13,1332,213,448,133,3526,1546,1813,1493,195,517,324,167,1944,578,823,536,294,2040,473,1210,101,516,789,278,361,582,1490,796,438,547,1163,418,1068,1068,349,827,348,297,417,278,48,126,882,374,580,1199,987,962,1045,894,310,293,765,215,293,406,847
ENSG00000005302.19,2047,3012,1470,1818,1212,2650,2690,1429,2234,1462,2388,1570,1648,1633,1265,1343,1307,2710,1750,1829,2394,2627,3533,648,2124,2225,1775,1400,2195,1988,2951,3563,1282,1596,1304,2304,1084,1064,1134,1349,874,2153,2405,1251,1909,2444,1281,1885,3041,1170,2189,2007,1112,1638,2398,2402,1574
ENSG00000005339.15,11169,4781,4518,4023,2508,7402,7048,6380,8716,4124,4780,9993,6219,5806,2436,6821,2818,4630,6534,3907,5154,4595,5675,2560,9386,4445,5264,5769,6304,5889,4091,18104,2600,3978,4538,3872,5409,3266,6459,2269,5944,5329,7345,1733,4275,6423,8677,6079,11559,11146,5889,2904,3989,3889,5962,8909,9371
ENSG00000005379.17,4753,1446,925,579,510,1221,2424,5367,487,861,559,208,1226,755,559,1202,416,396,1075,2420,645,1542,2535,128,1550,1484,1345,5275,1237,557,749,3612,392,912,1202,481,677,521,1227,1136,73,379,2698,997,1838,2362,2671,1842,261,35,457,142,1283,2015,4266,620,754
ENSG00000005381.8,5,14,14,1017,3,26,21,6,533,28,85,539,3,190,12,55,17,36,15,3,6,9,30,41,15,9,123,43,7,18,315,811,4,9,168,3,89,80,89,0,2,492,115,24,68,58,24,1,17,2,502,3,11,11,24,128,6
ENSG00000005421.9,29,0,29,154,1,30,12,17,1,7,9,21,15,4,18,1,10,6,7,4,2,7,15,1,38,2,158,7,4,1,125,2,0,3,49,0,42,80,2,10,8,4,24,86,9,8,18,51,3,0,8,3,27,0,4,9,0
ENSG00000005436.14,1077,735,710,974,1039,845,733,888,2310,1404,1028,973,780,2087,862,1025,886,938,1076,940,1427,1272,797,477,1264,1748,1025,978,868,1529,1275,1117,1239,1399,886,747,917,594,1056,892,1115,1790,1298,502,1072,1164,1117,1205,1898,1324,1645,537,684,654,1296,1806,889
ENSG00000005448.17,766,811,3228,1121,1269,1190,996,3369,1193,2991,1359,809,1739,1275,4147,2877,5239,2017,2814,1702,1510,2192,1906,1169,2302,2505,3732,2334,1032,1794,1761,1083,1286,913,2756,498,1400,1252,1239,1628,414,516,1723,1597,1286,4007,4197,1481,3799,2687,1689,871,3300,3205,3242,1182,1701
ENSG00000005469.12,508,813,308,783,682,1050,637,1348,710,536,478,573,615,492,294,570,216,1899,713,419,546,531,670,159,1213,403,964,702,604,442,1101,741,339,646,671,514,493,356,672,527,254,329,972,265,796,1096,581,1401,675,1524,675,310,1734,212,487,462,436
ENSG00000005471.19,59,40,70,29,15,159,45,40,152,130,55,6,19,60,12,117,8,226,30,14,155,36,96,27,94,210,174,261,498,73,390,149,7,341,95,48,133,64,20,32,2,8,104,246,303,89,135,104,101,12,73,59,73,134,48,201,114
ENSG00000005483.21,4239,2722,2113,2446,2427,4208,3670,5915,4768,2469,2324,2898,3260,2316,3030,3190,810,5184,1744,3527,2718,3548,2474,945,3331,3320,2706,3650,2690,2219,2481,3898,1872,2976,4988,1295,2379,1313,3175,1566,1881,6350,3948,969,3021,4464,3689,6561,4734,11968,2311,1334,5188,1236,2482,3103,5502
ENSG00000005486.17,4226,7913,5552,8285,18210,7039,4769,8234,1770,5991,3262,5359,3928,3338,6624,5924,6006,6146,4261,5806,3992,3285,4155,3799,14358,4398,9599,3947,6021,4560,5622,2443,4129,2956,5943,3107,3329,4876,3383,11197,2462,2432,4641,3499,7445,6955,12398,6935,4559,2479,5548,5433,5937,5568,5855,3674,4112
ENSG00000005513.10,30,22,1281,1266,27,62,49,8,4482,608,1314,5595,17,157,16,89,334,30,239,25,16,188,634,868,28,113,2616,7,9,2825,149,5237,8,17,168,32,3256,378,32,8,3235,959,214,16,18,80,230,11,2271,863,5909,11,463,19,67,2167,5
ENSG00000005700.15,3396,2998,1428,1913,1222,2947,1923,3188,3352,2390,1198,2904,1482,2502,2526,1645,578,2548,2311,1998,2551,2949,2199,1297,2957,2157,1635,1713,4040,2519,3339,3039,5707,1756,2508,1634,1747,1412,2527,1173,1750,1452,3231,1897,2097,3596,2183,3135,2240,3737,2463,1223,2081,1474,2620,2348,2749
ENSG00000005801.18,1996,753,678,751,857,1370,1618,1300,1395,1412,1433,1599,1507,2659,1808,1205,1157,1262,1090,2716,1655,1619,1496,729,758,2519,1907,1547,913,1648,1305,1350,1607,2094,1308,576,895,764,1649,1299,485,888,1144,1104,1195,2200,2924,1655,2017,419,1535,930,1426,2129,3008,1114,1413
ENSG00000005810.18,1885,969,2409,958,406,1459,1876,2592,2872,2747,1273,1400,2231,1909,1252,2696,693,1471,1149,1695,1849,1776,1963,1434,2202,6797,1763,2393,2527,2637,1985,3584,478,3526,1706,1507,1647,395,1893,1021,941,1631,2145,1264,2205,2706,1363,1976,1946,3095,375,837,1682,1954,1016,2621,1878
ENSG00000005812.11,1852,576,1675,817,498,712,1306,2152,1615,1019,928,1510,1628,1005,1693,1198,285,1110,1183,1467,1027,1427,1910,790,9685,2360,1320,1572,1491,1261,1218,1496,981,953,1805,953,707,424,1944,1181,908,1066,1334,875,1372,1890,1115,2234,804,1632,373,798,1617,1010,545,985,760
ENSG00000005844.19,283,224,46,102,83,168,1482,236,309,115,94,230,100,60,249,36,70,2345,270,46,222,628,201,424,183,169,125,113,493,202,48,328,96,110,185,234,117,116,124,358,32,234,144,3381,342,767,91,52,42,53,175,136,729,146,146,1045,470
ENSG00000005882.12,1883,962,995,1019,189,1550,734,5104,3537,1735,808,1136,800,1264,402,1787,553,974,1539,434,891,774,1710,519,3044,1177,1304,1274,1110,623,1093,2919,251,1597,930,814,1202,704,1562,747,1379,2064,2389,368,1481,1783,521,1414,1201,949,958,622,1312,1040,905,1495,550
ENSG00000005884.18,3699,728,858,1418,403,2173,4316,39319,6385,25728,1219,2701,2140,629,26490,10541,386,2296,6167,9213,3610,3146,5803,1785,2888,4410,3463,1531,1927,1983,1308,1836,346,1431,5088,1738,1442,715,2293,5070,1334,1826,3167,1852,1520,5533,16023,14129,499,1568,1416,2649,11847,4703,7824,2023,1882
ENSG00000005889.16,1875,2237,1149,1584,899,1378,2234,1803,2197,2037,1801,2273,1948,2477,2010,865,826,2419,994,2379,1021,2058,2483,462,2381,1851,2124,1140,2416,2122,2876,3184,2056,1234,944,1524,860,1129,929,710,846,1712,2172,732,2811,2180,3141,2473,3179,5201,1239,1687,1392,870,1516,1122,1146
ENSG00000005893.16,6045,23776,2512,5571,3897,12162,8843,6731,7320,4617,3006,9631,6406,6482,6603,5224,2118,11926,8466,6941,14835,5399,7640,5767,8574,2586,8699,3856,13468,4451,29225,9154,3278,7758,8464,11304,7261,4120,5892,7529,7124,10469,9872,6374,9857,8701,4240,15477,3086,5853,5435,7729,10598,4351,4858,7738,5307
ENSG00000005961.19,1221,63,476,185,266,331,117,1050,411,209,202,102,87,226,200,284,305,135,394,403,48,365,569,110,486,148,309,539,238,310,240,1125,174,63,413,84,75,265,692,63,88,51,535,55,600,328,567,69,244,1805,279,163,479,113,498,264,98
ENSG00000005981.13,6,0,27,1493,3,72,9,6,994,3,1278,425,4,594,5,66,23,6,49,0,18,2,15,159,28,20,525,13,4,30,38,189,0,443,3,3,246,13,3,3,1681,2192,67,2,24,8,6,1,89,4,730,22,288,1,5,374,0
ENSG00000006007.12,4139,1710,1062,2570,2265,2686,4083,3239,3824,3345,2572,3333,2833,2562,5763,3886,1828,2349,3581,2921,5015,2239,2647,2232,2630,2474,2617,3583,3197,2110,3988,3296,1931,4800,3532,3310,2448,1680,1865,1897,1244,3200,4236,1483,1647,3840,1346,1803,2057,3764,7112,1714,2568,3080,5118,2535,4313
ENSG00000006015.18,2212,2985,2131,951,4028,1646,1663,1694,1343,1050,1201,746,859,990,1095,913,3402,654,1890,1463,1490,3194,1319,2783,1233,1289,712,1173,1347,1867,853,655,1296,1075,3389,3489,2085,1588,2414,7839,738,924,1025,2482,1381,2087,1525,966,1372,667,1078,761,1701,2508,1224,1905,719
ENSG00000006016.11,6009,50,4681,169,88,250,34,4317,549,19926,1645,525,474,145,1251,742,227,318,229,3776,1732,133,6221,1379,926,3909,877,742,18,24294,1364,148,5374,21,87,795,1777,749,202,66,139,190,491,18,879,1312,4889,1080,4187,1586,876,511,277,214,3865,1320,41
ENSG00000006025.12,1025,853,931,734,346,1083,857,4559,521,736,446,261,597,1683,1127,973,885,888,895,383,300,770,617,246,949,1055,814,1098,430,500,679,1639,132,524,1885,474,364,774,617,733,511,483,4893,1024,839,936,1501,548,395,231,167,236,1141,488,1242,578,931
ENSG00000006042.12,11731,5040,4784,2870,2129,7643,4568,7951,3912,4540,5352,2763,3108,6749,2168,10507,2950,7061,9779,3170,6974,12602,9732,3181,6567,4543,2457,6868,3377,6858,3628,7824,2019,8457,3057,4683,3928,2137,4181,5370,1805,722,5598,1525,8763,5488,6492,10984,2564,5478,3786,3572,5359,6356,5101,8714,3017
ENSG00000006047.13,233,45,618,151,513,306,264,496,559,580,373,164,217,149,486,2102,423,33,955,466,699,417,251,347,159,179,516,1939,227,1517,1053,296,211,532,489,367,538,334,355,247,121,204,752,57,940,286,1739,111,973,2260,334,123,2494,579,1582,455,2030
ENSG00000006059.4,0,0,0,3,1,2,0,0,4,0,0,0,105,0,0,0,1,6,4,6,0,0,4,0,0,0,0,0,0,0,4,5,0,0,0,7,2,0,0,31,2,1,0,0,4,2,0,0,0,0,0,0,0,1,0,0,1
ENSG00000006062.17,767,864,1072,717,323,793,680,1315,1209,1018,479,1095,698,702,972,1217,197,1104,608,508,601,508,877,749,638,1078,865,518,508,855,529,1765,176,871,1150,722,400,332,526,453,1860,1307,440,1197,1212,748,1389,433,483,480,563,296,702,253,1402,966,451
ENSG00000006071.15,21,8,27,92,2,90,2,128,155,38,38,43,26,87,6,5,153,108,58,16,3,41,43,54,445,179,566,479,10,148,86,172,7,397,13,5,64,98,9,3,225,77,177,1,236,90,93,0,440,427,180,32,36,11,156,218,31
ENSG00000006116.4,0,0,0,0,0,0,0,0,1,0,1,0,0,0,0,0,3,6,0,1,0,0,0,0,1,0,5,3,0,0,4,1,0,0,0,0,0,0,0,0,0,0,0,10,0,0,2,0,0,1,0,0,0,0,0,0,0
ENSG00000006118.15,11360,7431,2360,2584,13638,5091,3820,12136,6462,6352,8643,2957,15684,10711,9422,5954,5478,9847,4906,11346,8379,6931,8607,2671,7239,5265,9227,4319,14003,10088,10268,10057,7578,3470,8349,12199,15604,8886,4158,17209,2006,4682,7870,3017,9787,10361,7106,9533,331,5730,4160,4701,3895,13025,5750,5239,5185
ENSG00000006125.18,9685,17406,5349,6470,4313,12052,9095,34693,12621,13381,13873,26842,15502,13194,12742,16988,7849,13686,16793,7985,15978,7679,11963,5755,10554,11794,8853,10041,9946,7921,16438,15521,8808,14685,19110,11208,9406,4109,6421,5943,9921,8725,7197,7395,14699,16462,10650,9457,18783,20430,6460,8690,17008,9359,13388,10989,9096
ENSG00000006128.12,42,0,212,196,48,214,3,32,204,1194,166,103,782,268,1,49,202,1052,43,3,5650,14,34,111,204,0,357,67,3579,381,114,47,1,0,434,171,114,5,42,4,4,7,176,1,45,13891,87,0,930,11,146,196,57,31,59,292,1
ENSG00000006194.10,2376,1405,1795,1675,2389,3379,1866,2382,1372,1813,1412,3598,1674,2291,1614,1960,2395,1324,2206,1097,1205,1417,2391,1308,1863,1614,2594,1421,1642,1216,1479,2265,1541,1893,1786,1908,1275,855,1477,1395,1005,1045,2938,1447,1170,2169,2868,1863,2824,4135,1737,992,1621,1787,2102,1456,2595
ENSG00000006210.7,3747,1065,729,235,6565,4493,6457,1148,673,5196,455,893,6585,374,3840,1300,246,1953,2377,9024,1941,1877,3645,3530,3219,2717,2407,2489,6929,1092,577,348,62,2285,1460,6597,619,1144,659,4749,488,436,3416,5772,2566,18641,10060,5248,218,209,361,1779,1127,2016,5927,1599,2556
ENSG00000006282.21,3608,2590,3725,3524,2154,4303,4302,10059,2238,2720,1383,1462,1217,4675,5579,4052,1412,2881,6639,1676,2596,1666,3763,1694,6986,2708,4864,2990,4107,3112,4105,6730,1761,3928,3466,3889,3079,5165,2648,2543,1863,1064,8011,3850,4047,5135,9887,6903,1304,6068,1765,2780,2425,7537,6981,4570,786
ENSG00000006283.18,2018,1386,5404,1545,798,2315,89,808,2034,93,1794,940,280,4193,151,3878,2403,1756,1293,87,2374,1190,932,583,7542,735,6699,2250,167,4622,5074,7062,1,632,733,2718,4156,2632,11491,127,2807,137,2012,47,4368,410,591,2307,3535,1141,1198,1883,1040,1896,87,5376,343
ENSG00000006327.14,3066,3160,2875,1895,8432,3746,4917,1030,1239,3746,2649,2763,1145,1003,10320,3224,303,1290,3766,14721,2812,2421,1420,3312,1384,2844,1196,432,2535,2100,1501,276,8229,1790,3255,3384,2936,1739,516,5779,1330,301,1175,780,701,3297,6636,5089,361,969,1136,1770,3628,3617,4576,1895,4097
ENSG00000006377.11,2321,2417,68,227,3790,6238,2554,15,371,673,478,42,3844,336,168,415,5,860,1578,2518,1259,666,1375,249,5684,50,950,796,1781,2479,3302,107,18,165,895,2683,219,381,59,4473,151,7,347,518,865,5433,123,1766,714,7477,565,430,325,1474,27,707,1015
ENSG00000006432.15,795,47,288,438,1066,727,527,481,611,1285,228,841,769,644,1260,564,580,411,502,1351,877,565,503,207,589,858,739,560,757,431,717,584,556,996,822,267,560,329,342,581,165,149,590,101,955,935,1144,489,935,1894,210,368,560,746,1076,322,1043
ENSG00000006451.8,5482,4369,3731,3847,5238,4698,3493,2907,2949,3020,5751,5706,3449,8050,4483,5366,6017,2776,4634,4328,5277,5539,3715,3357,4155,2998,6624,4466,5137,4276,7533,2625,3158,3316,5080,2826,4887,2521,6536,3065,3618,3294,4199,5375,3164,4695,2719,7211,6766,3879,2531,3267,6378,3376,2267,4642,3739
ENSG00000006453.14,3694,1766,431,924,3785,1665,992,1038,774,1727,406,1176,998,342,2703,1206,239,1344,1399,2054,474,445,2055,500,1037,551,787,896,1665,823,1258,167,266,259,386,1171,858,403,850,2819,376,445,1591,2456,810,2018,2517,3398,1017,5792,598,383,1783,970,2457,764,1447
ENSG00000006459.11,822,883,875,1348,1416,2260,1025,420,815,752,629,1193,1503,714,785,1427,164,1960,382,1372,1455,482,659,233,880,1128,1299,753,2398,599,660,1123,377,509,1633,601,1440,631,1340,454,338,500,857,222,459,3277,1409,1579,2982,2292,672,483,1200,375,2143,978,1830
ENSG00000006468.14,663,18,6146,252,49,648,1888,1205,1439,1111,126,1103,68,1077,3538,3178,398,295,216,707,3235,411,922,571,3020,2175,432,451,209,3004,898,380,121,1218,536,1264,3312,920,557,24,554,901,1726,188,1080,499,1879,7852,4098,46,37,1657,1507,173,3823,1357,591
ENSG00000006530.18,1528,1609,867,1554,1218,2634,1341,2365,887,1170,1650,1385,1105,1552,1533,1281,1102,2479,1171,1618,981,1185,1253,378,1206,1739,1592,1702,1615,1275,1669,1361,2433,1289,2170,1317,1687,1214,2140,620,1063,1253,1531,1850,965,1745,1697,1791,2066,2455,1522,813,1956,1127,1290,1025,1777
ENSG00000006534.16,561,1498,372,374,157,714,1029,1553,814,456,282,1477,794,262,1629,88,157,1811,601,156,405,1135,568,620,944,215,386,292,840,408,466,696,727,209,862,594,429,210,284,368,470,3420,916,1515,1874,2197,1274,404,172,111,195,923,2271,966,519,1185,349
ENSG00000006555.11,573,9,50,83,409,517,320,133,8,341,17,27,570,77,696,309,1,50,665,292,82,167,378,144,105,268,51,198,135,402,604,70,1,107,202,121,100,85,314,1241,1,1,522,190,369,534,603,230,8,5,27,16,172,381,963,201,47
ENSG00000006576.16,3194,4582,1494,1340,1808,2440,1984,2918,1838,955,1175,1735,1407,1888,1573,1080,405,3280,895,1941,2562,809,1619,624,2235,1109,1300,1109,2620,1163,3136,1699,3334,1049,1480,2823,1339,878,1013,1092,937,839,1355,870,1397,1303,1159,2516,1325,7368,1695,1008,2966,585,821,1830,1299
ENSG00000006606.9,9,12,2,41,9,12,63,1,9,7,23,82,0,6,17,2,30,4,16,1,3,2,11,21,56,0,15,6,33,2,5,2,47,7,8,6,4,0,0,6,7,75,6,1,3,9,1,3,2,12,5,5,7,40,2,17,1
ENSG00000006607.14,1844,1365,862,2889,1132,1195,3557,1605,2057,1840,1808,2919,1878,1947,1958,2454,1305,1620,2014,880,1279,1322,1179,781,1380,1476,2046,1007,2761,1092,3104,3823,1255,2316,1287,1976,1116,726,989,1219,1758,2293,2646,2246,1794,2140,1752,2567,2686,3384,1851,887,1703,1424,2132,2187,2219
ENSG00000006611.17,270,59,133,391,7,242,15,61,30,105,264,721,132,787,1654,296,4944,108,5309,6,260,198,216,246,157,389,582,697,49,4651,2387,323,38,2099,53,51,602,764,149,11,7,558,1366,4041,563,61,369,2,431,13,19,28,849,172,7019,651,630
ENSG00000006625.18,1682,1561,1164,1130,5860,1436,851,695,528,1250,1052,841,2261,1805,1144,1232,2408,858,1269,2364,1745,2541,1085,1853,874,1302,1617,978,2243,2042,1350,373,1500,1115,1340,1190,1402,1492,1795,3342,487,1082,1024,3369,801,2231,921,889,1070,672,604,1612,906,1730,1186,904,947
ENSG00000006634.8,1211,2487,838,1378,866,1170,480,991,1125,771,1674,1448,734,1504,797,1092,1001,1648,767,943,1502,905,725,227,1218,833,1500,1044,916,933,1989,875,1871,1039,958,795,1107,493,1032,721,371,717,1152,933,810,849,616,731,1773,3292,1196,819,1955,730,576,1029,1486
ENSG00000006638.13,318,219,416,57,28,103,265,69,36,40,76,172,57,103,73,184,97,214,253,49,157,63,56,91,146,292,87,59,476,365,166,45,678,80,139,474,150,142,193,54,87,90,94,30,63,73,130,96,67,483,128,559,66,258,232,84,56
ENSG00000006652.15,765,376,415,649,2285,494,459,534,600,406,460,736,310,304,328,842,522,520,482,539,549,439,426,286,505,342,732,423,528,665,222,151,727,307,1123,540,622,224,399,1093,537,315,691,1215,732,571,702,592,302,295,621,551,1091,435,484,308,1082
ENSG00000006659.13,0,0,0,11,0,4,0,0,4,1,14,13,0,6,1,0,3,0,23,0,1,8,10,0,17,0,13,0,12,98,7,0,0,6,0,0,0,0,0,0,3,1,192,6,0,0,0,1,0,0,0,0,0,0,4,2,0
ENSG00000006695.12,800,710,510,1202,272,906,814,1569,1718,786,1085,962,906,2153,1048,1431,789,811,589,868,773,1043,565,452,608,303,1099,787,939,855,1089,759,1223,470,1451,756,594,395,673,1242,1146,1621,719,1245,500,1241,1006,728,1360,403,532,343,876,544,353,1870,660
ENSG00000006704.11,3245,3463,2124,5288,2794,4814,1984,4178,5031,2740,4269,6000,2349,4855,2033,2740,2510,2036,2819,3738,2444,2255,2652,1296,2923,2019,3713,3276,2617,2732,3188,3088,2492,2374,1599,1808,2629,1307,3215,2168,3780,3067,5671,1585,3627,2915,3572,3945,5306,3702,3773,1783,3720,2137,3343,3309,3556
ENSG00000006712.15,9050,6632,7511,10208,5470,6039,6794,12248,3172,2736,6852,29382,3695,22232,4720,7550,8676,4631,10793,5356,3486,6387,5123,6614,13730,4254,5454,6047,4262,4381,37234,8315,4300,3801,4025,6299,4312,9662,5264,7410,5123,1760,6511,3816,10731,4699,1591,4708,2635,8611,3543,3305,3800,4740,4478,6762,3739
ENSG00000006715.16,4294,2371,1501,2045,2221,3839,2732,3730,2785,2054,1887,2881,2336,3548,2929,3497,2078,1828,1998,1543,4114,2932,2445,1735,5116,1662,3182,3545,3631,2282,2826,3335,1715,3028,2686,2306,3292,1798,5616,2067,1170,3234,2939,1645,3169,3512,1728,4750,3695,3261,1789,1198,6032,963,2562,3380,3859
ENSG00000006740.17,232,112,73,87,61,329,385,423,173,360,135,102,1264,621,121,513,104,636,221,314,380,178,360,156,478,116,205,477,257,410,852,348,139,206,396,659,104,205,325,302,132,32,194,66,232,460,461,405,393,436,93,143,59,113,225,456,107
ENSG00000006744.19,4249,5345,1923,4159,2361,4593,4054,6159,3534,4070,3590,3240,3743,11664,3622,7776,5479,5594,4235,2420,3001,4572,2220,2798,2907,2184,4078,4610,3845,3527,5832,3546,5430,3570,15805,4025,2989,3803,2197,4743,3273,3868,3611,6447,2920,5363,5692,2614,5776,2786,3056,2302,4030,3940,2743,7300,3910
ENSG00000006747.15,1264,206,488,22,344,720,704,314,867,108,44,207,333,100,857,290,22,761,822,231,344,613,469,267,760,186,1023,99,1194,214,426,89,75,386,313,600,129,162,848,151,83,353,1374,899,237,428,79,147,43,67,223,249,149,627,102,189,632
ENSG00000006756.16,1048,2891,1449,924,2302,2892,5244,2542,1180,2704,720,1035,2494,708,1878,642,471,3162,1581,3626,1727,1283,2410,386,1748,2635,1580,811,3029,998,2507,1062,720,1629,878,1563,1156,2535,846,5550,487,849,2705,1031,1952,5012,2466,7030,533,1710,690,2466,740,2017,4100,1257,464
ENSG00000006757.12,181,1488,1192,1190,747,632,1187,878,1389,855,1046,1356,509,876,1261,523,1601,753,1187,877,1460,1024,1270,212,669,1118,1838,462,572,1239,945,929,187,1126,499,811,602,822,328,196,470,1023,1046,610,1482,1821,528,801,1372,1257,1002,1190,48,878,532,717,284
ENSG00000006788.14,2,0,0,125,0,6,8,1,137,0,1222,57,1,20,2,2,7,7,8,0,3,109,1,34,2,2,4,2,120,18,3,2063,4,1,176,15,0,2,1,7,360,24,22,1,4,1,0,0,96,0,48,2,5,9,4,33,3
ENSG00000006831.10,8611,5141,3202,3643,2393,3217,3568,4544,3303,7097,3845,4765,3131,10966,4604,7920,3758,3611,3676,2412,2474,3233,6255,1349,2404,7076,5806,4642,4520,7774,6151,2708,3707,1656,3261,3448,1584,4684,2586,2770,5646,2586,3801,3798,3386,4502,5029,4873,5126,6649,3880,2741,4170,2751,3807,2880,5138
ENSG00000006837.12,42,23,40,31,70,58,45,44,53,75,32,60,45,64,24,43,52,33,38,21,39,56,34,32,54,36,60,56,25,68,55,63,55,7,82,41,34,39,37,43,15,27,47,27,82,85,135,43,95,59,34,18,49,46,25,32,85
ENSG00000007001.13,13,3,1,13,43,1,10,3,1,5,2,4,24,3,2,5,715,12,16,1,3,1,2,6,17,11,1,6,5,7,5,2,0,8,3,2,6,3,10,37,3,6,9,4,5,26,15,22,4,0,2,0,5,1,6,5,5
ENSG00000007038.11,2,973,2495,846,5,3433,122,7,32,1640,1,58,699,141,5701,216,0,7,2,0,876,67,363,541,383,1460,9,537,627,428,2,1885,4555,1,5863,3027,2077,0,227,78,1,1,1274,2,403,350,971,2,73,12,18,785,1537,755,2453,665,26
ENSG00000007047.15,3422,3669,5624,4159,2435,6065,1876,5048,4009,2272,5075,2874,2023,6723,1785,9426,10214,1899,4491,5608,3102,5655,2717,2111,2844,5112,7770,3354,3043,5373,4861,2954,2525,3687,3394,3787,4472,9644,4256,3093,6878,3003,6977,1192,6395,3063,2759,5032,4946,5800,3679,3522,3701,3925,7660,8682,4218
ENSG00000007062.12,2200,18,9506,2327,959,4472,6207,1473,733,5488,1516,1943,3196,9341,5127,13265,228,2302,1192,32506,5051,741,1794,1711,25534,1139,283,170,5011,2017,2129,1290,8,1442,1124,1542,536,380,1441,8807,1416,666,3186,74,1921,20196,948,5776,493,100,1285,94,1025,1563,5608,2220,4118
ENSG00000007080.11,5772,8021,4220,5490,6866,5336,5280,5097,5225,3857,6904,5850,3053,4777,2981,3885,13468,3369,6034,4783,3686,4546,7567,5195,4198,3615,3207,3842,4617,5694,4401,3772,5581,4765,4544,7446,5133,4136,7321,14886,4946,4977,2050,5584,4252,3792,1374,2114,9594,2010,6233,2615,5740,7066,2509,6327,2402
ENSG00000007129.18,25,41,2,99,25,33,81,14,600,14,18,259,24,144,26,33,5,132,110,6,6,104,18,162,46,38,218,83,64,78,31,326,22,21,56,56,54,15,28,77,7,31,19,52,341,63,9,14,22,15,2,26,26,83,9,567,43
ENSG00000007168.14,5440,4753,6728,3753,1716,3196,4197,5014,5462,4479,2676,4767,4465,6570,5561,8169,4401,6570,3478,4103,4959,3183,3616,3130,5586,2672,3307,4923,6428,3873,4756,4844,3666,2840,11099,5423,3722,2876,2752,2773,3462,3823,3853,4378,6024,6939,4895,4095,5863,5738,2933,3403,8224,2345,3255,6938,4534
ENSG00000007171.18,67,86,57,80,0,59,79,146,119,21,282,489,6,165,2,105,77,26,392,4,23,59,676,43,62,64,268,50,55,71,239,346,26,69,34,25,78,157,139,17,84,100,66,54,95,71,22,42,334,833,134,8,46,23,20,128,113
ENSG00000007174.18,29,6,5,51,48,59,149,26,46,130,25,111,1313,242,167,580,138,1870,100,6,51,52,34,117,73,24,124,249,27,49,176,69,0,145,153,12,123,38,11,34,13,15,57,241,110,1136,115,73,254,13,1,22,4,15,34,586,20
ENSG00000007202.15,5336,4191,2393,2988,1613,2717,3655,19300,5925,5609,3874,8230,5493,5588,6660,8243,3397,4576,5529,4094,4673,2831,4314,2532,4122,5202,2730,9692,4491,3064,4307,10587,4653,6404,6864,3390,3367,4633,2846,5458,3141,2940,3937,4764,4679,7214,3788,7406,10131,8399,2051,2787,8812,5003,4986,5690,9239
ENSG00000007216.15,0,0,0,0,0,0,1,13,0,5,11,0,6,0,0,3,1,4,341,0,0,3,4,3,9,4,4,305,2,9,1,0,0,43,0,3,0,0,0,0,0,0,79,50,8,36,0,19,1,0,0,0,0,0,9,0,10
ENSG00000007237.19,1466,649,106,1622,1056,1429,2047,1128,2623,1006,890,2484,2796,1156,866,1793,1157,2133,1401,1481,382,3324,1062,4208,3449,439,1258,1893,2968,859,1774,1987,200,3395,3050,2880,291,294,1379,1057,3220,1089,1265,800,1735,2433,1945,821,1023,572,710,990,1455,823,477,4593,1139
ENSG00000007255.10,2642,674,1115,842,3004,2451,721,3347,1119,1142,899,418,1548,946,506,2518,5470,856,3448,2982,314,2296,1162,926,641,1122,1820,1240,715,615,582,618,271,1311,1380,1268,961,3468,588,3594,1177,776,3230,3210,1059,1763,993,1824,329,1186,1386,399,651,1597,3512,1425,1413
ENSG00000007264.15,59,482,156,71,32,60,184,34,95,62,25,36,27,234,50,63,52,112,398,20,58,280,84,110,76,54,706,62,109,363,235,35,180,32,797,115,527,275,46,172,9,75,36,2181,98,672,326,116,86,974,55,64,128,140,19,178,39
ENSG00000007306.15,10,0,81,0,6,1,0,73,0,184,32,0,36,0,3,0,0,10,190,20,0,0,223,366,29,263,0,38,1473,23,2,0,0,3,1,33,0,0,7,2,0,1,508,0,129,37,0,0,0,3,1,2,4,3,17,9,20
ENSG00000007312.13,160,29,57,39,120,523,94,90,31,11,37,24,43,97,58,12,205,232,111,5,43,218,90,198,185,30,79,19,28,82,20,67,41,28,207,44,55,59,98,95,37,124,40,352,172,87,13,15,8,9,148,372,70,451,16,116,12
ENSG00000007314.12,26,5,25,1491,8,37,222,26,337,7,397,1160,8,639,50,14,155,17,16,0,73,225,36,69,49,12,604,24,23,52,284,1554,164,22,39,51,316,50,24,6,1057,1973,148,11,277,22,56,7,55,5,291,421,220,218,8,179,83
ENSG00000007341.19,992,460,679,581,432,256,564,574,719,547,719,651,529,671,550,437,691,511,352,469,470,608,554,325,554,606,768,519,471,347,832,895,428,693,768,364,580,320,758,669,368,344,640,492,329,665,564,673,241,758,447,252,441,390,536,533,476
ENSG00000007350.17,5,736,33,654,7,55,9,54,239,79,34,201,16,83,3,20,61,43,42,3,9,94,163,892,7,29,103,7,8,37,23,8301,1,126,48,4,3,7,11,8,16,130,697,8,14,263,4,3,23455,1,6,1564,8486,14,3,55,32
ENSG00000007372.24,54,42,0,52,45,6,125,2,82,32,82,81,819,19,54,0,0,250,0,551,0,1,110,65,4,1,278,1,1,2,508,428,15,209,266,8,195,25,4,211,84,70,118,2,47,87,3,10,203,124,38,171,402,5,1,40,48
ENSG00000007376.8,1431,1858,1281,2819,2400,1893,2195,1349,1123,934,1414,2826,1562,2318,1608,2464,4681,1039,2845,1874,875,2710,1375,1453,1067,1821,2852,860,1639,1457,3933,1488,2884,971,1194,2261,2099,1692,909,2082,1051,1094,2072,4449,711,2032,3080,825,1457,1685,1385,919,1415,3388,1509,1137,2425
ENSG00000007384.15,1870,830,5672,1716,2067,1585,2170,989,1703,1174,555,2253,647,1640,1646,2344,1098,826,2798,1182,1004,2168,760,1757,1519,1780,944,2510,3624,2140,795,2215,1344,810,793,2154,2021,1335,1351,759,1127,1658,2146,258,668,2920,4065,1597,487,1490,1477,970,895,1817,3978,2811,2642
ENSG00000007392.17,8229,2743,8854,3671,6971,3964,4191,2845,1077,3591,1458,2625,1705,6004,2913,4187,3702,1682,5591,3442,1691,4989,3253,2606,2102,6718,6061,5278,3470,8636,3038,4741,4229,1601,1442,2819,5820,2129,3034,1726,2368,2230,3348,1725,2572,3509,9036,1558,3473,1837,3124,1751,2527,5715,7230,3761,5635
ENSG00000007402.12,864,84,629,6502,382,1259,523,2153,837,619,43,557,307,1005,80,476,1152,220,1337,1937,279,1921,1493,412,1695,1431,1919,568,352,1873,2260,3588,75,1439,285,470,899,423,669,180,1268,2475,1913,40,5448,568,1492,469,509,3920,1920,396,271,257,375,2451,400
ENSG00000007516.14,166,41,496,132,257,609,312,47,153,1051,63,273,1054,98,589,216,126,1630,462,351,328,276,236,135,522,46,2525,72,314,368,703,233,45,60,835,377,1244,337,156,24,24,221,179,43,70,9160,630,278,637,2170,232,88,663,528,1510,304,93
ENSG00000007520.4,1871,1927,2515,2846,1916,2054,1878,1857,1606,1246,1440,2229,1372,2081,1928,2246,4461,1261,3716,1203,1079,1631,1854,2012,2046,1971,2041,1257,1630,1573,2285,2115,1288,1861,773,2673,1965,1302,1164,2556,1192,2585,2228,3022,974,1900,1487,1211,1595,2379,2982,1213,1881,1839,1843,1939,1861
ENSG00000007541.17,3338,1385,2751,1638,4611,2784,3921,3711,1071,3290,1554,2255,2403,2153,3934,4676,2892,1497,6274,4144,1251,3400,1501,3123,3182,4576,3190,1699,2454,3019,3994,2467,2653,1079,1343,3271,3098,1259,2599,3490,1287,1613,4680,2833,1798,4553,11908,1186,1483,1657,4416,1642,3251,4606,7391,2275,5598
ENSG00000007545.16,1833,566,1541,900,807,1183,1221,1101,754,759,599,1202,1055,1250,756,1136,439,479,1042,1054,898,916,1194,552,1384,1139,927,941,860,930,649,1491,1210,648,329,964,983,411,1104,534,737,2545,1509,363,719,1425,1118,671,1221,1766,1281,369,900,752,2140,877,1538
ENSG00000007866.22,6985,2210,3907,9102,1939,8542,4200,2396,7365,4986,7850,6053,2560,3700,2328,3993,3310,3642,4113,6029,5173,3753,17520,1543,11582,5248,3104,4706,2925,6861,5472,9628,2798,1671,1467,4866,2486,2571,8782,2950,5438,4120,6149,769,4694,3079,5570,4728,3603,1219,8902,3591,2408,1874,4948,3816,4570
ENSG00000007908.16,880,13,0,0,80,89,66,7,3,18,41,41,59,5,12,85,1,263,20,11,5,21,15,72,353,40,11,3,56,38,5,7,15,61,16,55,16,15,395,15,10,5,29,34,9,213,11,33,94,9,30,3,23,13,9,36,23
ENSG00000007923.16,1532,2692,1052,1995,376,1163,1659,1798,1998,1278,619,2467,1797,1985,1967,2332,1105,1387,1057,650,1674,1244,905,613,1620,800,1496,1517,2250,586,1882,2904,793,2420,2247,813,1642,785,1546,594,1528,1888,2598,1367,926,1290,550,1395,1600,2057,705,631,2450,1307,1562,1644,2687
ENSG00000007933.13,4432,411,25,6,11,130,293,76,8,10,15,11,223,13,5,14,5,557,19,3,4,1390,353,12,18,14,122,3,4569,17,24,437,13,11,3505,68,5,4,42,7,4,14,17,25,17,18,0,58,4,33,310,5,5,17,9,19,9
ENSG00000007944.15,3363,2782,1379,2048,848,2456,2397,2496,2413,2814,2282,2527,1972,3960,765,1374,1420,3019,2199,2265,2677,2508,4790,1068,1613,1750,1952,1878,3654,1808,3474,2233,186,756,1262,4146,3402,4314,2622,1532,1594,4359,2314,1079,2111,2305,1915,1924,2429,297,2506,2545,3814,1050,1470,3003,1747
ENSG00000007952.18,43,80,68,52,73,171,60,57,25,58,69,26,70,134,53,77,116,93,116,50,57,72,71,43,56,39,208,49,25,88,80,18,67,43,48,43,47,91,46,128,60,20,41,78,70,60,137,60,50,13,53,81,28,77,42,38,46
ENSG00000007968.7,1491,1252,587,785,1469,384,645,674,959,315,430,745,810,814,523,557,453,523,529,634,827,1227,1174,724,383,215,526,975,750,309,760,1144,296,595,613,566,910,464,739,1232,684,576,496,790,304,363,823,251,383,2401,553,433,640,400,375,568,965
ENSG00000008018.9,13882,14587,18521,13678,13504,14979,7405,12373,8627,12276,11315,8378,5438,13875,9638,6209,26662,8315,15676,18067,10798,5750,13330,7911,8822,9771,18818,5609,8488,16196,28162,5625,18664,4938,13124,11373,8336,10659,12776,15392,8464,11110,10350,17324,7791,10068,8594,9958,10713,7050,11127,11792,6993,11501,9363,7002,4484
ENSG00000008056.14,51,64,105,2026,24,342,127,106,467,58,284,550,84,371,57,80,158,144,268,79,107,600,466,298,262,328,581,97,80,606,171,110,402,74,36,55,158,161,48,16,190,773,351,9,426,575,609,54,229,77,803,129,212,126,72,204,64
ENSG00000008083.14,3453,3938,1462,1875,1106,2123,2062,2681,2648,4458,1976,3756,2138,3993,1160,3148,2729,2091,1617,2704,2538,2778,5330,962,1465,5339,2697,3101,2225,3642,3383,4190,597,1785,1369,3014,2170,1557,4880,1424,2292,2989,3244,992,2648,2458,2476,2182,4179,1291,2902,1647,2566,1552,2770,1813,3405
ENSG00000008086.13,558,815,228,302,36,450,864,488,1098,244,181,427,320,681,301,929,229,731,595,607,1573,704,1657,114,1101,1009,406,365,1257,718,1516,978,82,612,314,1669,353,214,342,208,314,545,636,76,1099,830,557,1891,1375,1637,496,530,411,226,413,878,805
ENSG00000008118.10,392,34,8,4,137,64,79,70,42,58,9,17,59,229,35,64,55,68,110,9,6,338,140,36,132,62,243,105,51,101,30,129,29,87,208,45,37,7,24,12,17,7,100,94,52,38,20,80,16,17,16,263,112,225,17,74,128
ENSG00000008128.23,92,56,158,160,155,104,239,160,38,30,43,77,55,144,45,47,226,73,83,46,18,219,37,127,166,42,114,70,69,52,32,150,67,53,103,68,94,187,35,156,38,72,69,22,63,21,122,38,52,67,95,67,62,72,104,65,55
ENSG00000008130.15,2804,5306,1942,3309,1793,1892,2501,3653,2419,2468,1484,3150,2877,2006,3376,3346,2205,3837,3622,2510,2653,3894,1869,2239,3951,1920,2074,2532,3909,1683,2707,5008,2412,3952,4002,2079,2553,1790,2776,3629,1502,2136,3674,3603,2923,2311,2311,2451,2751,4749,1655,2525,3734,3629,3478,2871,4912
ENSG00000008196.13,8,0,9,2,0,0,294,0,6,66,11,0,96,3,0,154,1,6,37,89,71,4,86,8,47,1983,7,152,2,0,156,1,2,31,0,271,63,0,0,33,1,0,210,0,520,0,329,209,2,0,4,76,1,18,155,83,93
ENSG00000008197.5,1,0,4,0,0,0,0,0,0,0,0,0,0,0,1,1,2,0,0,1,2,0,1,0,0,0,3,0,1,0,9,0,2,0,1,3,0,0,0,0,0,0,0,0,0,0,0,0,0,0,0,0,6,0,2,0,0
ENSG00000008226.20,29,40,34,21,32,67,158,131,68,145,10,64,175,56,42,61,97,350,84,88,43,86,108,20,98,71,102,162,26,39,358,281,11,31,419,32,66,99,27,7,26,24,131,71,133,1263,74,54,48,7,20,5,37,186,96,258,58
ENSG00000008256.16,3202,2374,1332,1990,1215,3508,3131,2178,2893,1051,2432,4589,2030,8622,1085,3783,1651,1351,2738,1044,4078,3979,2592,2705,5154,1633,2987,2059,4931,3416,2978,4841,933,3716,3515,2731,3534,1184,4222,745,3348,5313,3386,622,2961,1966,2605,3254,4005,2733,1768,2109,3997,2454,580,4839,3310
ENSG00000008277.14,376,329,246,93,239,790,528,793,496,237,592,65,638,869,256,472,122,1499,451,170,677,445,589,140,2099,581,1053,860,273,420,1457,418,562,270,436,759,687,321,533,70,19,58,1175,462,427,675,810,1110,971,331,465,924,680,469,209,1371,728
ENSG00000008282.9,5599,4014,1696,4449,3727,4365,3290,6189,3222,6980,2925,3768,4674,2846,4128,2669,2134,6319,3265,4267,2919,2576,4897,2444,5801,1304,3621,4188,5647,1904,3427,2574,2246,2981,3865,3592,3980,1668,2321,3247,1978,3809,5484,3520,3055,5974,4164,5853,3254,12688,3048,2531,7114,2265,2618,4469,3630
ENSG00000008283.16,5894,1873,722,1024,2865,5425,2551,5400,645,5537,1804,1469,6123,1919,5344,4568,1167,5598,3813,4921,4128,1353,4198,1039,2436,1807,2386,2949,5646,1516,3650,1319,2125,2825,4348,2740,2379,1325,954,9590,435,477,2734,4760,2208,9568,6442,6111,1668,851,1093,1291,2856,7559,6022,2749,3640
ENSG00000008294.21,5970,6269,1738,1636,893,4016,3447,8720,6763,2359,2700,2583,2258,4046,1572,4488,875,4422,4515,1703,3455,1704,2354,1988,4027,1924,4066,2813,5797,2367,5573,5846,3605,4327,3737,3332,3092,2174,4682,1593,3177,3448,5449,2088,3939,5081,1854,6945,3133,7221,2919,1368,3125,1733,2746,4555,2382
ENSG00000008300.17,542,93,313,230,79,151,418,781,184,259,93,287,588,418,1379,531,373,107,976,944,878,687,700,259,290,204,607,859,326,1237,1659,1009,3878,642,935,160,400,126,275,51,376,90,844,98,1318,781,642,148,265,953,98,578,341,469,391,479,922
ENSG00000008311.15,360,1219,1483,456,162,899,508,1641,1348,454,70,78,266,1010,486,1025,396,1397,215,559,999,496,238,203,903,1783,892,793,136,1021,458,886,970,1066,936,489,932,895,629,53,511,133,878,100,408,936,865,418,1030,39,720,781,677,390,835,469,455
ENSG00000008323.15,302,119,26,533,561,579,1067,93,95,2358,289,123,327,175,733,769,225,324,1656,296,381,1418,1556,151,344,550,348,666,731,1603,1243,356,81,46,132,620,133,284,361,706,26,72,457,536,374,611,1282,1674,96,420,333,225,171,435,1748,318,495
ENSG00000008324.12,1609,1111,1021,911,1707,1366,829,1355,656,841,831,939,1260,1441,1199,933,2458,1315,1509,2128,1414,1522,1261,1295,698,2083,1060,1109,1015,1849,1480,758,1808,645,1373,1330,1055,1143,1321,1782,484,446,911,1221,1037,1374,780,705,604,486,831,759,785,1433,456,929,1030
ENSG00000008382.16,356,581,278,314,687,359,375,795,496,619,233,290,608,343,578,501,1057,582,566,468,213,429,387,551,269,662,460,389,277,271,628,400,757,445,514,586,316,307,359,1068,195,695,607,598,295,1008,226,386,264,433,514,351,830,227,249,447,438
ENSG00000008394.13,1736,975,686,479,75,1219,3474,766,208,1372,61,1310,1895,4556,4635,1716,1627,756,987,4071,737,162,4178,3068,803,2724,930,2050,1110,797,2778,226,2796,1282,2781,79,675,365,76,831,29,676,2385,8021,1000,1468,1109,3604,1954,37,215,2956,1904,1624,2743,318,1697
ENSG00000008405.12,1966,991,974,1125,1168,1421,965,1559,1167,2212,1207,2840,1132,1940,1191,2942,310,1458,1007,1284,1798,1349,1436,844,2079,854,1696,2226,1510,996,2849,2447,1291,1445,1256,821,2189,770,2345,902,1355,1302,1965,446,1167,1774,703,1455,2677,2053,1292,833,1678,1020,905,2102,3268
ENSG00000008438.5,0,3,1,1,0,8,2,9,0,4,1,0,3,6,0,3,1,1,3,0,1,6,1,2,0,3,1,0,3,0,4,3,2,2,2,0,1,0,2,0,2,0,4,1,5,3,0,2,2,3,1,0,8,2,2,2,4
ENSG00000008441.18,18595,21032,2330,4010,7107,15215,6095,11399,4809,1447,2875,7777,18405,8392,3296,4154,2416,11005,3811,1931,9742,4784,5315,2599,19137,2555,3632,5044,3627,10620,7794,5378,1515,4199,14587,5800,7124,4246,11231,9696,9269,14236,4180,2886,5225,16187,2016,5844,10040,8785,2745,3765,5788,6813,826,20880,1945
ENSG00000008513.16,6445,3838,843,1432,245,2532,3695,1124,1025,1585,598,1450,2182,5850,6702,2849,699,3583,2772,9797,6592,3067,2986,4541,2560,1174,1217,2609,10683,2764,1217,1330,1866,6043,3958,11139,3581,1547,978,2849,915,4579,2856,869,9015,2164,728,1905,1035,486,978,2856,8013,1321,2310,13068,3364
ENSG00000008516.17,79,13,1842,226,62,194,137,10,48,118,94,82,20,35,54,612,165,225,114,78,16,37,25,75,42,799,689,14,43,100,800,87,47,2,36,132,236,342,36,22,35,15,11,222,25,113,134,58,1019,419,594,5,117,25,259,123,598
ENSG00000008517.18,444,158,155,3566,1531,784,7090,327,9767,1059,4089,3967,245,3883,7745,2354,455,3117,7060,236,519,2051,380,1394,569,1081,3840,202,1107,1457,880,2937,219,834,3596,3310,599,754,934,3476,21137,6670,564,29308,404,1506,318,376,428,46,1452,1740,1280,1447,198,4971,1572
ENSG00000008710.20,6115,1919,2315,2647,1094,2591,3960,3057,3499,1106,1748,5715,2183,2091,881,3791,880,797,1716,2286,2383,2064,2740,556,6449,2651,2035,2691,3860,2780,2487,8113,2625,2223,2286,2271,3317,905,2245,331,3087,8506,8754,604,2544,4004,1407,2733,4163,6795,1546,686,2815,1055,1867,4857,4619
ENSG00000008735.14,634,314,169,149,247,154,82,630,287,100,64,169,183,56,95,139,1230,39,407,109,6,219,572,279,424,186,1264,200,985,454,158,435,180,1019,34,1318,1629,403,436,55,147,67,466,145,52,575,28,125,1646,2171,281,229,170,153,72,819,73
ENSG00000008838.20,7374,5613,6326,3320,2119,6114,3909,23297,6330,15842,5975,2563,5124,7495,5510,12001,5555,7993,7077,3462,5412,4660,6067,4280,5739,6394,3718,6115,8339,7401,19765,8166,4009,6450,5829,1105,3372,2622,7124,3123,8624,2862,3900,4639,7372,9124,6376,3809,4777,8239,4297,3397,6305,10535,10571,12569,4531
ENSG00000008853.17,1295,2093,2467,2854,996,910,962,684,2087,411,1588,1111,1949,2411,1064,2032,3147,1259,759,341,783,2019,1990,571,1068,1354,2908,1717,740,1057,1154,1727,1263,775,1151,1467,1420,1728,1952,842,1189,2073,1759,507,922,986,3005,1786,703,1305,2240,1671,782,902,1272,1545,616
ENSG00000008869.12,1982,972,441,814,293,1648,1313,2301,1893,2012,1346,1217,1862,2117,999,1484,714,1589,833,1179,1308,1071,867,509,1319,2081,1358,1245,2022,1352,2156,1545,928,1328,1419,746,718,549,1175,770,820,1294,1696,587,1345,2127,1246,3464,2204,2518,1131,429,1549,537,2069,1493,1117
ENSG00000008952.17,8712,4583,3037,8345,3925,6526,6719,12383,6188,7454,4182,6352,9169,7000,5813,5549,2653,5516,6711,29236,6639,6468,9438,4155,13551,7113,7389,6462,5423,15567,9488,7190,5642,15227,4024,5380,8360,5292,5104,8357,7388,6154,7188,3338,10777,6639,3046,8261,5838,4647,12374,2796,8700,3967,3390,6273,3762
ENSG00000008988.11,117719,74818,132717,1171661,194812,109357,41551,27850,92435,64967,184423,117968,86645,168075,61767,70065,276385,66164,74011,194987,84095,262408,54512,154110,26234,71648,93617,98168,50047,129370,52723,43789,179779,71531,97318,129312,77657,90417,164770,130266,144122,97581,60411,69255,83868,67652,66334,64648,104334,44222,68114,59256,131202,120542,52467,153872,74236
ENSG00000009307.16,51724,33133,29719,32637,11408,14491,30565,28332,33151,44502,45775,56046,23548,30249,30431,32421,28247,30639,24911,35436,38329,25364,23121,21674,27556,37615,33882,26526,20002,41396,35794,39542,17788,38686,37260,18514,34498,15203,44575,25903,42441,33960,35246,24349,23246,35471,12960,47297,30903,34406,33758,19793,26585,26991,23979,34128,31836
ENSG00000009335.18,3955,5252,960,4421,1549,4043,3249,4639,2625,3435,2548,3760,4488,1398,4960,2347,884,6228,2124,2418,2459,2047,2577,748,2665,1556,2585,2982,5375,1295,3185,2592,3871,2593,6282,3598,3847,2260,3437,1846,2252,1984,3652,3976,1846,4579,2733,7949,2982,7678,959,1673,6843,2341,2243,2340,4337
ENSG00000009413.16,3280,1104,341,1491,970,1600,2435,1695,5073,1242,1321,2293,2760,2026,759,473,309,2466,967,1603,2432,965,1149,672,1574,703,2018,1571,2430,1072,1789,3846,1247,721,1866,730,1202,367,1382,1033,2403,2752,2005,477,1193,3056,832,1227,1835,4022,1245,635,1231,1538,1021,1423,936
ENSG00000009694.13,1556,81,5,8,365,1360,295,179,162,343,17,0,4688,1939,2,280,32,167,2,91,472,7,849,17,584,506,28,177,53,292,483,69,75,246,3905,185,51,23,45,2947,6,3,125,28,1098,1443,284,108,6,76,32,3,11,552,12655,445,227
ENSG00000009709.12,0,1,1,6473,148,5,0,7,7492,7,2827,6838,0,1658,1,5,92,6,29,0,0,2,2,883,4,2,1195,22,8,88,7,10142,0,4,2,13,1272,16,9,14,23859,8139,730,0,52,9,25,0,622,41,4206,1,34,7,11,1562,4
ENSG00000009724.17,48,23,16,46,92,146,79,66,116,29,11,44,32,34,19,25,13,29,23,37,6,23,14,9,177,12,19,41,20,11,34,165,11,28,12,2,16,0,17,12,59,31,74,9,18,33,6,43,85,60,19,14,720,7,22,46,79
ENSG00000009765.15,19,1,1,0,14,15,10,3,3,15,7,6,2,1,56,0,0,23,101,12,1,6,43,1,3,4,3,50,1,78,17,3,0,8,3,0,0,0,1,7,0,14,49,16,57,21,25,16,1,0,1,3,2,2,1,0,1
ENSG00000009780.16,706,786,355,447,703,438,752,478,845,446,540,813,653,466,541,533,221,794,655,813,571,761,495,394,836,282,404,473,845,365,711,738,583,574,645,364,593,322,537,729,499,535,459,219,322,401,579,499,579,996,505,372,842,610,418,446,729
ENSG00000009790.15,170,52,32,25,46,99,321,56,201,36,67,59,46,34,100,29,15,476,50,11,48,153,71,84,70,94,139,27,110,64,20,90,8,21,47,34,56,11,41,68,25,205,82,711,124,154,34,340,18,15,252,14,100,26,46,148,97
ENSG00000009830.12,1335,2080,1196,1444,781,596,1223,2106,1275,1766,720,1494,1111,1151,2097,2376,2358,1201,1993,2284,2058,1255,2092,721,1544,1512,1484,2588,2088,1183,1599,2436,1020,1953,1677,931,3683,718,1411,1956,772,1244,1695,1147,1615,1898,2639,1156,2133,1643,866,1476,1746,2265,1189,1630,2116
ENSG00000009844.16,6309,2945,2190,3740,1696,5488,2107,4568,4667,4384,3800,5463,3115,5966,3376,2271,2124,3514,3109,3334,4255,2388,3553,1923,3275,2495,6537,2594,2641,3373,9822,3760,2917,1987,3566,1717,3049,2091,3812,1943,3364,5597,3342,2567,2851,3791,1739,3457,5669,3035,4624,2921,3751,1971,2450,2862,1751
ENSG00000009950.16,27,37,49,197,136,273,288,47,292,143,118,638,47,75,849,66,170,29,470,202,5,568,142,79,122,206,1678,164,136,742,460,91,114,161,200,120,384,216,90,39,317,579,234,301,354,368,860,47,70,1846,74,20,191,1200,372,105,216
ENSG00000009954.11,8599,12970,6126,7027,4765,7093,4808,5819,7762,4703,7483,8995,7013,6228,6588,6543,4188,9295,4720,4405,5363,4571,6122,1762,7044,5072,6059,6805,6140,3947,6951,8069,8726,5393,5210,3575,6406,3117,5997,4000,3680,3904,6799,4875,6282,7195,8345,7766,8209,19317,7695,4735,8064,4180,3661,6065,8324
ENSG00000010017.13,3525,4451,1268,1889,608,2129,2019,1997,2302,2077,1526,2983,1399,1993,1460,1716,725,2225,1109,2468,2712,1446,2926,785,1532,1740,2083,1491,1692,1738,3256,2729,1556,1188,1565,2081,1922,1895,2514,531,1410,2375,1946,892,1408,1691,741,2247,2704,2345,2161,1336,2181,804,2459,1454,2868
ENSG00000010030.14,41,113,30,78,43,84,441,50,50,47,19,65,41,25,1096,25,20,274,46,43,42,145,343,60,103,36,74,8,310,64,191,40,65,10,55,251,53,81,32,888,10,61,46,2341,74,312,47,115,11,126,66,153,291,19,118,206,46
ENSG00000010072.16,841,826,227,454,302,1084,490,596,764,1072,523,591,1267,942,608,773,311,910,467,1063,1107,705,421,325,693,805,822,414,828,627,995,561,682,719,796,480,418,191,488,411,635,861,605,389,510,1340,568,984,621,788,458,265,690,461,879,411,874
ENSG00000010165.20,3474,4552,2184,1792,1296,3607,3808,3536,1895,3704,2842,3132,4073,3516,2655,4217,5417,3100,2231,1384,3244,1787,2670,1928,2763,1925,5000,3591,2406,1247,7771,4135,1592,2229,2454,3787,2193,1325,2660,3933,773,2070,2642,3676,1471,3139,1212,3805,4286,2769,2486,1341,2792,2559,1627,2809,3598
ENSG00000010219.13,1746,971,723,1051,1328,1435,742,801,616,1077,540,472,540,1785,534,1475,1641,843,897,561,768,1246,1413,681,700,2180,2035,1261,526,3797,1428,618,1300,552,974,792,1687,254,804,1271,1025,180,828,1037,1261,944,1320,666,650,315,1012,683,461,1241,872,683,691
ENSG00000010244.19,8556,8348,5266,6517,4521,8145,5788,11954,8376,7613,7803,13919,6561,11337,6859,8357,4785,6869,7094,10079,7620,7210,8820,3231,8680,9890,7291,7390,6110,6243,9017,10938,8516,7560,9207,6634,5666,3385,6981,4039,6638,5010,7164,6791,10085,9304,6423,9040,9524,7911,4643,4108,9310,8881,7018,7141,6555
ENSG00000010256.11,13227,10012,14978,9995,5415,7211,6628,12310,9361,8475,4132,5549,14320,8746,12837,7783,14509,10392,15084,17029,11442,10508,14005,10887,4784,6827,7220,6539,8674,10419,19114,9583,20225,5857,15883,11904,8339,4122,7045,9342,8073,9491,16222,13151,9310,16585,4313,6477,4113,6562,7430,8993,9243,14288,4752,12124,7232
ENSG00000010270.14,2526,7011,1899,2202,1774,1782,1202,2310,1429,1985,2647,3845,1240,3218,2542,3176,2288,1596,1858,2132,3702,2792,1862,2051,2269,2265,3231,2413,3679,2074,3047,1854,2119,3098,2674,1764,2453,1073,2889,1267,1489,2152,3360,1290,2327,2331,1600,2657,2915,1603,1962,1405,3843,1192,2157,3377,2620
ENSG00000010278.15,9139,7502,1145,5902,11671,12719,11985,7297,1472,21895,2895,3343,6563,1751,9732,8295,1601,8943,6506,17544,3808,6712,29830,2086,8847,7706,7109,8791,13552,4853,12788,1189,361,2551,14649,10005,2779,1534,5924,16331,4241,4276,7630,6721,4835,14295,9010,24509,2234,8488,2017,2528,7480,9270,19444,4336,4790
ENSG00000010282.15,35,2,1,469,0,1,1,140,704,10,232,290,19,323,5,2,6,23,8,0,309,2,19,25,5,4,110,12,2,18,4,358,0,0,0,0,67,85,0,5,302,761,76,3,31,86,16,0,24,0,251,3,33,0,15,86,2
ENSG00000010292.13,8106,13178,4808,7251,4201,5813,7147,7884,6269,12881,9371,9556,4637,24213,7849,16914,8092,7352,5631,4259,9253,7518,11157,3637,5146,16693,7172,12327,5734,17329,13389,7445,6404,3881,6549,4470,10978,7367,11013,4947,8590,5683,9952,7588,6644,7478,6310,6768,15584,17920,9208,5015,7685,7603,9366,7820,9934
ENSG00000010295.20,444,281,136,2425,75,251,1149,172,350,107,342,814,48,443,227,118,87,660,233,111,124,758,186,383,370,200,204,136,561,234,71,255,104,96,475,320,129,127,252,254,189,2943,273,615,261,225,167,177,107,111,621,147,228,178,114,457,270
ENSG00000010310.9,5,12,129,4,15,39,43,14,32,89,7,9,31,3,80,114,33,114,52,14,4,164,25,22,7,87,74,73,22,70,51,18,1269,79,213,31,17,115,29,14,0,5,154,31,165,579,37,30,9,258,25,35,46,131,797,43,6
ENSG00000010318.21,154,134,66,85,44,102,134,334,282,101,92,119,255,193,117,62,14,167,92,102,142,282,45,62,94,49,35,89,105,74,88,406,229,109,434,122,233,49,89,28,61,213,172,59,101,301,37,67,59,989,133,68,101,41,77,172,236
ENSG00000010319.7,848,323,127,1060,53,255,1425,559,426,127,521,107,348,242,114,61,36,1955,166,205,369,774,184,337,1453,188,240,382,2299,445,451,1324,607,320,217,863,432,66,1592,67,443,2404,853,328,437,1090,122,44,107,161,1561,197,553,653,50,295,152
ENSG00000010322.16,8376,4636,6161,5360,2162,6292,6420,11851,6106,5497,2688,4670,9102,3875,4293,5957,4843,5882,6514,4438,4840,5720,4411,4113,7002,4618,4502,7324,5626,5222,2515,12704,3719,3284,13075,6818,8855,1881,8476,3479,4435,4350,6299,2112,9167,8964,3064,5636,5650,5993,3909,3833,5766,5358,5690,10107,11492
ENSG00000010327.10,5361,6193,1724,1149,928,3170,4323,1903,1114,607,1302,3461,660,768,2008,798,847,11584,2916,920,1945,3351,2491,9522,4770,2336,2193,1977,7086,3452,804,4600,873,2067,7578,7387,1802,1129,6988,4896,1100,2058,1757,2114,6297,3996,981,828,315,675,1526,3398,2814,3973,692,7153,4037
ENSG00000010361.14,2171,778,569,391,859,2444,1335,2168,796,848,1470,385,1723,2193,1129,1224,4018,969,1378,2192,1152,1177,3021,706,1344,779,1135,1316,464,790,1052,585,1645,854,1635,651,956,905,1547,1245,662,441,755,780,1331,1686,1179,799,1107,1929,559,324,1317,1325,1565,1404,903
ENSG00000010379.16,23,74,14,234,1,26,17,333,442,90,219,56,17,576,22,87,56,7,678,2,94,303,118,59,110,203,90,662,108,224,15,93,7,50,5,8,5,23,151,52,418,167,844,5,197,21,124,4,9,22,254,21,157,56,1116,155,201
ENSG00000010404.18,133,217,41,28,44,191,290,171,153,139,88,223,193,58,248,188,48,180,23,154,293,39,88,34,214,65,124,94,235,16,295,310,16,140,292,182,162,31,90,140,30,131,171,55,122,245,124,1059,244,512,28,45,241,52,128,167,152
ENSG00000010438.17,2,4,541,60,3,46,9,52,10,83,65,37,1,313,456,80,404,3,1190,6,10,6,28,11,8,432,296,59,1,530,210,12,5,50,85,2,38,109,3,7,2,2,192,320,79,18,99,7,670,6,24,9,55,8,122,17,8
ENSG00000010539.12,589,558,277,579,253,1339,819,651,582,671,447,1444,576,898,943,544,239,566,654,637,613,783,465,331,650,619,1035,379,690,488,1297,606,770,519,539,793,262,338,587,245,362,604,930,313,488,1107,857,445,848,713,401,395,593,387,436,616,577
ENSG00000010610.10,1890,2478,693,237,540,1135,3499,1476,1109,620,763,2150,523,330,851,345,1892,7817,1189,360,656,3273,1901,3292,1590,994,2784,1053,5738,943,540,1496,359,1062,3466,1849,590,441,679,2414,246,873,925,5601,2309,3669,1044,818,149,336,516,5283,2067,2377,1189,4121,2200
ENSG00000010626.15,329,211,275,1241,443,460,443,1140,754,1504,709,740,1900,1158,538,1771,856,1892,1018,244,271,478,610,775,523,1322,605,1842,231,1735,776,501,706,191,421,176,440,1103,284,924,489,408,1260,645,650,3658,1572,1259,683,449,2224,287,523,1277,1183,978,594
ENSG00000010671.16,216,270,127,38,55,150,329,127,147,41,97,151,29,37,102,57,83,620,116,52,79,278,205,319,158,125,87,101,278,77,160,198,34,153,264,193,91,66,60,171,34,122,107,719,367,262,49,86,25,31,108,147,281,108,41,314,199
ENSG00000010704.18,168,554,117,141,145,633,332,418,140,297,106,332,163,18,770,82,46,679,404,80,266,310,254,145,156,510,155,188,354,209,787,384,2096,90,639,438,141,148,211,269,26,196,431,331,226,465,178,422,8,778,405,135,748,84,497,204,137
ENSG00000010803.16,4148,2630,921,1763,2259,2088,2579,1538,1669,1153,1862,1255,2632,2894,937,1937,1828,1833,1629,3642,1673,1763,1844,766,1767,3349,1309,2271,2103,2723,2706,2390,1780,1867,1454,1226,1700,1247,2121,2345,1602,948,2326,1356,2147,2755,3029,1654,3449,3213,1505,1540,1565,1338,2010,2210,1201
ENSG00000010810.17,4266,8090,3441,8826,1352,4490,3495,2953,7745,3410,4900,9013,1152,6152,3377,2094,3287,6019,4184,3073,1991,3153,4081,3309,3959,4945,9160,4473,3834,5397,5753,8843,1276,3533,2281,3129,6950,1530,4773,2210,9504,10316,4824,1310,3803,3143,3654,3628,2612,1640,7580,3799,3124,2640,3947,4620,1839
ENSG00000010818.10,894,722,529,859,735,2314,1631,1390,1462,1557,915,2046,1554,1509,1993,760,115,1678,705,1440,1582,1371,975,805,916,1159,983,660,1942,1000,2664,1275,325,732,1554,824,817,509,1024,727,1330,1785,1104,381,1393,1431,1411,2404,1080,139,1016,1109,3549,1090,1909,1938,905
ENSG00000010932.17,777,61,16,1330,88,741,236,133,289,35,169,1246,9,181,24,386,295,1216,408,27,476,45,108,184,126,20,846,212,416,71,437,467,128,92,567,227,224,164,20,17,1843,2073,146,284,67,46,11,75,69,16034,1115,1080,739,187,83,284,1366
ENSG00000011007.12,3786,6280,3517,5675,2924,3262,3656,3228,4261,1318,3065,4997,4014,9998,2773,2659,5981,3761,2551,3276,3961,3307,2240,2296,6578,2057,4192,3727,4721,2430,9078,4194,3532,2844,3852,2563,3883,4139,4059,3022,2562,3528,3652,3313,1842,1921,2608,3372,7094,5497,2479,2813,4108,4756,2966,3075,2760
ENSG00000011009.11,3731,5346,5598,8495,5856,7282,9617,4170,2835,7782,5732,3706,4867,11212,7860,11108,30331,4693,9271,10674,6724,10940,5203,8187,8501,5514,16275,5389,5707,6863,7716,2880,3753,7229,9045,5013,6229,8477,5573,10703,3897,3077,5386,6935,4124,3411,9451,3870,15454,1856,4952,5230,9671,26434,7626,4520,6750
ENSG00000011021.23,1214,1083,1400,1738,369,723,1295,1930,2093,544,861,1981,687,2179,754,1405,1965,1007,1266,1098,993,2038,571,610,2282,705,2007,1849,1164,1150,1533,3212,812,1377,1387,491,1277,1012,1371,662,1230,1167,1848,776,856,533,2131,794,2149,1967,731,892,967,1093,1157,1455,1287
ENSG00000011028.14,19048,23525,28635,9291,3449,15040,22412,40123,9456,6053,9407,13958,3120,21153,7664,20475,9136,29745,14958,5943,21353,8285,10042,10827,23613,12158,21986,15872,25708,23365,17169,15972,15758,10024,23045,24794,29421,26399,12566,5102,15796,3579,6660,2153,22698,7007,22241,30642,13012,13427,7385,18583,19209,17577,2863,25373,8405
ENSG00000011052.21,0,0,0,0,0,0,0,0,0,0,0,0,0,0,0,0,0,0,0,0,0,0,0,0,0,0,0,0,0,0,0,0,0,0,0,0,0,0,0,0,0,0,0,0,0,0,0,0,0,0,0,0,0,0,0,0,0
ENSG00000011083.9,18,0,27,5,0,1,2,0,4,1,0,16,0,6,0,4,6,9,6,7,7,4,13,40,7,9,26,6,11,31,5,16,4,10,8,0,18,3,0,11,7,1,94,0,13,1,13,3,7,3,7,1,1,2,8,51,8
ENSG00000011105.14,7304,2107,5251,14304,4035,4644,4914,6300,14651,9934,15618,27946,2041,33921,3037,14469,15731,5928,6607,3814,2102,4672,5867,8198,4997,13005,10899,7625,8733,13251,5300,11070,1933,2857,4386,8327,10532,7082,6294,3517,29002,7432,9051,1671,6181,4998,13174,9486,6175,2882,21160,8277,3335,4450,4157,7807,3968
ENSG00000011114.15,2090,1881,977,1806,1101,1468,2112,1858,2782,2018,915,1926,2158,2300,1834,1246,767,2193,1490,2780,2483,1561,2604,820,2268,2075,1729,1702,2820,1965,1849,3051,1475,2591,1599,1744,2049,520,1768,1371,1391,1368,1314,468,1933,2212,6821,3700,1826,2625,1148,1206,1774,1592,1699,1232,2689
ENSG00000011132.12,610,1065,653,836,1727,1013,789,1082,1006,561,520,774,588,692,1143,734,831,882,1029,657,576,554,556,733,851,766,754,722,558,1074,734,769,605,573,2037,822,1066,535,757,918,686,843,768,1181,506,992,564,761,813,873,685,648,1593,443,465,717,668
ENSG00000011143.19,1656,976,1730,820,409,1278,879,3305,1167,1513,1076,704,952,1505,1162,2148,978,940,1359,1180,1057,845,1540,832,1277,1425,1330,2823,660,1526,1156,2224,758,944,1664,506,990,1144,1300,808,864,488,1409,1397,997,2187,2035,1532,876,689,2155,414,1002,1491,1642,1190,927
ENSG00000011198.10,1047,1529,377,516,721,1365,1066,969,882,657,341,855,2860,430,1085,401,158,1656,879,1404,1053,480,1176,610,431,1066,455,316,1307,654,1076,663,729,411,814,1353,744,618,571,1170,396,585,774,410,644,1681,307,974,369,751,489,409,625,492,295,555,806
ENSG00000011201.12,2923,295,7989,612,523,1490,937,290,1194,1080,773,355,1934,1173,93,353,58,1717,201,2635,3559,1458,2638,191,2200,448,357,254,195,1358,1260,582,23,1155,344,1115,2143,311,61,447,447,623,1081,285,2633,2117,879,3953,924,1049,1325,1102,94,123,195,2186,363
ENSG00000011243.18,3369,2507,3824,3306,1591,1963,2850,2592,3988,2688,1979,5394,1042,1462,1947,2589,2804,1660,2009,3706,2390,2933,2325,1242,2682,3177,2074,3151,2270,3666,1341,2917,1470,2363,2433,2468,2112,2094,5387,2724,2452,3866,2439,1542,2562,2224,1843,1476,3235,1852,2117,883,2998,3800,3760,3133,2423
ENSG00000011258.16,6267,1007,1587,1054,426,2250,1060,3440,2586,2553,2005,1383,1744,2793,1530,3127,570,1082,1529,2091,2231,1438,2053,821,1505,2221,2166,2637,1016,1782,1516,3831,941,1344,2000,616,1572,700,2046,937,1563,1008,3095,1035,2360,2653,1987,2633,3133,781,2975,480,2124,1154,1785,1741,2004
ENSG00000011260.14,3876,4927,2754,2216,848,1999,924,5580,1991,2619,2049,1512,1938,3231,2101,3028,1626,1811,2785,1190,2488,1460,2438,1894,1862,1874,3293,2287,1784,1356,4549,2174,3023,2591,2966,2204,2581,1241,1804,1890,1367,1210,2788,2798,1949,2180,927,3629,2720,2986,2399,1469,2853,2471,1664,3360,1599
ENSG00000011275.19,5354,4877,3819,4351,2994,4065,3516,4480,3498,2382,2916,3825,3023,5554,3660,3290,4269,2176,3789,1957,4189,4306,3881,3263,5761,2935,4472,2823,4104,3564,4266,5170,2365,4678,4129,2897,5889,3489,7005,2664,3124,4132,4045,2745,3318,4748,3433,4116,6459,6661,2224,2731,4441,2036,2083,5259,7256
ENSG00000011295.16,2461,1179,854,1213,1817,1588,1746,1218,1695,2449,837,1335,3919,2385,2043,2720,1344,2559,1408,2354,1728,1451,1316,1274,1445,753,1519,1921,1812,1560,1403,1510,2139,1263,3981,1574,924,1444,1286,4529,576,1284,2078,2631,1223,4118,2167,1830,1704,1184,1120,790,1613,1561,1708,2641,1730
ENSG00000011304.22,15802,21920,19050,11694,19788,16460,15956,17375,11938,17844,13762,11788,22756,24560,22325,18972,12914,17033,18572,26133,19377,21781,14568,10599,12834,16500,13240,12852,15294,30290,18174,9083,22935,15767,18268,16051,16758,9424,15700,12017,12002,10757,16330,13952,13316,25702,17688,16104,24713,21589,14038,13886,20669,16754,13844,14237,19865
ENSG00000011332.19,187,493,1817,632,141,246,87,1334,260,119,234,1851,100,421,161,837,1167,189,210,77,173,361,555,256,2625,421,1111,200,96,254,4814,372,264,266,217,283,469,507,492,21,178,149,228,11,330,363,100,118,178,854,110,299,43,422,200,992,234
ENSG00000011347.10,1227,1473,395,4876,3064,544,628,82,1354,1695,893,1928,1658,594,744,553,302,707,637,848,573,981,2299,362,587,524,2493,702,2603,1653,2364,1324,15,232,1403,1975,3675,1646,264,285,1889,4752,1391,722,2180,4015,1034,1193,1184,1085,256,745,697,1250,542,1009,591
ENSG00000011376.12,1434,1272,1350,1274,453,1215,1584,3224,2219,1818,763,1480,3451,1420,2182,1701,1259,1664,1278,965,2622,1271,1784,907,1278,1711,1159,1659,2202,1091,1880,2655,2553,1181,2452,1500,1830,981,1909,520,854,1341,1536,1079,1339,2886,740,1078,1666,1428,802,706,1895,1210,905,1957,2271
ENSG00000011405.13,4053,1653,840,1021,748,2057,1981,2475,1874,3085,1220,2136,2825,2511,3161,1623,599,2562,1769,2620,2812,1960,1886,860,1919,2020,2640,1419,2863,1790,3291,1523,2368,2408,2409,1451,1224,863,2095,1172,1178,1202,2589,1142,1578,3959,2012,2704,2962,1974,1436,929,3399,1274,1634,1904,2209
ENSG00000011422.12,1694,3452,2303,1328,1889,2308,2624,506,571,1032,997,2929,456,907,5672,6779,1187,1405,2182,2698,1047,1403,1673,4583,673,1321,1519,667,5830,1166,1312,629,1439,1992,2129,4308,633,941,887,2724,329,580,919,2349,1317,1784,1107,9849,357,790,1340,3338,4076,1707,2246,4983,1507
ENSG00000011426.11,3074,6582,1277,2422,1730,2078,1335,1531,2121,1497,3207,2448,1460,5276,3381,2144,1389,2069,1864,2226,3407,4185,1765,1069,2275,1654,2416,2783,5488,2309,5148,3339,2111,2861,2536,2257,3253,1268,3805,874,2188,3454,2757,1013,2514,1796,1229,2167,3799,7822,1470,1701,5846,997,1253,3429,3532
